country,year,target_iso3,entity_content,policy_agency_type,migrant_cohort,policy_measure,sentiment_polarity,scheme,scheme_warrant,evidence_span,confidence
BIH,2016,SRB,Serbia,competition,general_migration,general_policy,negative,argument_from_analogy,Serbia and Croatia are further along in EU integration than Bosnia and Herzegovina,not to mention Serbia and Croatia,0.8
BIH,2018,SYR,Syria,competition,general_migration,national_security,neutral,none_or_unclear,,,0.7
BIH,2018,SYR,Syria,competition,general_migration,national_security,neutral,none_or_unclear,,,0.7
BIH,2018,SRB,Republic of Serbia,competition,general_migration,national_security,negative,none_or_unclear,,"since the current agreement between Bosnia and Herzegovina and the Republic of Serbia on cross-border traffic from 2007, which regulates this issue, does not apply",0.5
BIH,2020,CAN,Canada,competition,refugees,national_security,negative,argument_ad_hominem,those who are in Canada are not available to BiH judicial authorities,as they are somewhere in Serbia - Canada refugee,0.8
BIH,2020,GBR,United Kingdom,competition,refugees,national_security,neutral,argument_from_authority,the judge is an expert in international criminal law,"Džoane Korner, formerly more prosecutors of the International Criminal Tribunal for the former Yugoslavia",0.8
SVN,2016,CUB,Cuba,learning_emulation_from,general_migration,returns_deportation,neutral,argument_from_analogy,how the United States behaves or how the United States solves this problem,how the United States behaves or how the United States solves this problem,0.8
SVN,2017,HRV,Croatia,learning_emulation_from,general_migration,general_policy,neutral,argument_from_analogy,neighbouring countries can provide examples or models,much depends on how we work with neighbouring Croatia,0.8
SVN,2018,XKX,Kosovo,learning_emulation_from,economic_migrants,general_policy,negative,argument_from_analogy,comparing Slovenians to other economic migrants,Slovenians of economic migrants or even officially sent all the republics of the former Yugoslavia to Kosovo,0.7
SVN,2019,HRV,Croatia,learning_emulation_from,general_migration,border_control,negative,argument_from_cause_to_effect,all who come from Croatia will have to return to us strictly,all who come from Croatia will have to return to us strictly,0.8
SVN,2019,MYS,Malaysia,learning_emulation_from,general_migration,general_policy,neutral,argument_from_analogy,comparing the situation in Qatar to other countries,"for example , one of the Arab countries , I can say Qatar , which has half a million inhabitants , the Qataris , and a million 700 people working for them",0.8
SVN,2022,IRQ,Iraq,learning_emulation_from,refugees,national_security,neutral,argument_from_analogy,historical precedents show similar situations,"Lebanon 1958 , Cambodia 1967 , Vietnam 1965 , Grenada 1983 , Libya 1986 , Panama 1989 , Iraq for the first time in 1990",0.8
HUN,2015,CZE,Czech Republic,neutral_reporting,refugees,allocation_of_resources,negative,argument_ad_hominem,the speakers' positions are based on their roles as Eastern European countries,"what will Poland say, what will the Czech Republic, Slovakia and Hungary, Mr Kósa say?",0.7
HUN,2018,POL,Poland,neutral_reporting,general_migration,general_policy,negative,argument_ad_hominem,Minister of State Magyar Levente's prediction is based on Poland's stance,he also predicts that they will not stand up for Hungary,0.8
HUN,2018,AZE,Azerbaijan,neutral_reporting,general_migration,general_policy,negative,argument_from_practical_reasoning,to be released immediately in his country,so that it was clear that he would be released immediately in his country,0.9
HUN,2019,TUR,Turkey,neutral_reporting,general_migration,national_security,negative,argument_from_sign,four million immigrants in Turkey indicates a broader issue,there are four million immigrants in Turkey,0.7
HUN,2019,IRQ,Iraq,neutral_reporting,general_migration,national_security,negative,argument_ad_hominem,those who support a war against the Kurds are not trustworthy,they 're supporting a war against the Kurds,0.8
HUN,2022,UKR,Ukraine,neutral_reporting,general_migration,border_control,negative,argument_from_analogy,"sending weapons to Ukraine is a sensible thing, defending the Hungarian external border is pointless",defending the Hungarian external border is pointless,0.7
PRT,2017,SYR,Syria,neutral_reporting,general_migration,returns_deportation,negative,argument_ad_hominem,those who support Daesh should lose their nationality,Do n't you think he should lose Portuguese nationality?,0.8
PRT,2019,ZAF,South Africa,neutral_reporting,general_migration,visas_mobility,neutral,argument_from_sign,decades of migration experience shows the need for change,"in a country whose experience for decades , centuries , in migration was starting and the priority was to ensure that the son of",0.7
PRT,2021,DEU,Germany,neutral_reporting,general_migration,allocation_of_resources,negative,argument_from_sign,immigration patterns indicate the need for TAP services,"the fundamental immigration of the 50s , 60s and 70s , to France and to Germany , comes from the North",0.8
PRT,2022,MAR,Morocco,neutral_reporting,general_migration,national_security,negative,argument_from_sign,mysterious disappearance of migrants signals something wrong,not to escape a war but only to enter Portugal and disappear mysteriously,0.7
PRT,2022,RUS,Russia,neutral_reporting,general_migration,visas_mobility,negative,argument_ad_hominem,autocratic regimes are portrayed negatively,Autocratic regimes ...,0.8
PRT,2022,LUX,Luxembourg,neutral_reporting,refugees,general_policy,neutral,argument_from_analogy,local elections allowed prominent positions,"the local elections , in particular , allowed them to have prominent positions",0.8
GRC,2016,TUR,Turkey,learning_emulation_from,general_migration,border_control,negative,argument_from_cause_to_effect,reducing flow of migrants from Turkey would affect the situation in Greece,Since Turkey was going to reduce its flow,0.8
GRC,2019,POL,Poland,learning_emulation_from,general_migration,general_policy,neutral,argument_from_analogy,countries with high emigration rates allow voting by immigrants,Like the example of Portugal that 14 % of its citizens live abroad or 9.1 % of Poland,0.8
GRC,2020,GBR,United Kingdom,learning_emulation_from,general_migration,general_policy,positive,argument_from_analogy,"a large state collectively, England, makes a choice supported by all political forces","England, but here the choice made by the state, after the official and serious additions, is one and is supported by all political forces",0.7
GRC,2020,USA,United States,learning_emulation_from,general_migration,integration,negative,argument_from_analogy,when unscrupulous racists can no longer ban foreign naturalisation in their own countries,when unscrupulous racists can no longer ban foreign naturalisation in their own countries,0.8
GRC,2020,SVK,Slovakia,learning_emulation_from,economic_migrants,general_policy,negative,argument_from_sign,high death rate indicates exceptional difficulties,"despite the fact that it has a very old population , two very large urban centres - not Slovakia or Norway - and it also has tourism and illegal or irregular immigration and land workers going in - has exceptional difficulties",0.8
GRC,2021,SRB,Republic of Serbia,learning_emulation_from,general_migration,returns_deportation,positive,argument_from_authority,the draft law was accepted by a majority of the institutions of the European Community,was accepted by a majority of the institutions of the European Community,0.8
AUT,2015,NLD,Netherlands,competition,refugees,allocation_of_resources,positive,argument_from_analogy,countries around the world have a high attractiveness,"Germany , Sweden and the Netherlands , and it is evident that , of course , precisely those countries around the world have a high attractiveness",0.8
AUT,2016,SYR,Syria,competition,refugees,general_policy,negative,argument_from_sign,investing in countries of origin is effective,The value of every euro invested in the countries of origin is a multiple,0.8
AUT,2017,GBR,United Kingdom,competition,general_migration,general_policy,negative,argument_ad_hominem,the speaker believes that Britain is not interested in the euro,for no one and not for Britain at all,0.8
AUT,2017,UKR,Ukraine,competition,refugees,international_law,neutral,argument_from_sign,the Ukraine crisis is still very difficult to estimate,which is still very difficult to estimate,0.7
AUT,2018,DEU,Germany,competition,general_migration,border_control,neutral,none_or_unclear,,"In general , the border police officers of Germany and Austria are in permanent exchange",0.7
AUT,2021,SYR,Syria,competition,general_migration,border_control,negative,argument_from_analogy,people from different countries are seeking asylum in Austria,"people from Afghanistan, Syria or other countries in Austria are looking for asylum",0.8
BIH,2018,HRV,Republic of Croatia,exchange_cooperation,general_migration,national_security,positive,none_or_unclear,,,0.5
BIH,2019,SYR,Syria,exchange_cooperation,refugees,visas_mobility,negative,argument_from_sign,a new wave of refugees is being announced from Syria via Turkey to the European Union,a new wave of refugees is being announced from Syria via Turkey to the European Union,0.8
BIH,2020,HRV,Croatia,exchange_cooperation,general_migration,general_policy,negative,argument_from_analogy,the situation in Croatia is similar to BiH and Serbia-Montenegro,This is a common problem for both Croatia and BiH and Serbia - Montenegro,0.8
BIH,2020,USA,United States,exchange_cooperation,general_migration,general_policy,negative,argument_from_sign,these unfortunate people could serve to collect political points,there's a clear signal that these unfortunate people could serve to collect political points,0.8
BIH,2020,HRV,Croatia,exchange_cooperation,general_migration,general_policy,negative,argument_ad_hominem,Mr. Bećirović wanted to kick me out,Mr. Bećirović wanted to kick me out because I'm not taking part in the vote from the session,0.8
BIH,2022,UKR,Ukraine,exchange_cooperation,refugees,visas_mobility,negative,argument_from_cause_to_effect,"in chaos that is currently in Ukraine, especially in those areas where refugees are most fleeing the possibility of extracting passports is not a routine thing","in chaos that is currently in Ukraine, especially in those areas where refugees are most fleeing the possibility of extracting passports is not a routine thing",0.8
SRB,2018,GRC,Greece,learning_emulation_from,general_migration,general_policy,positive,argument_from_practical_reasoning,"we are really the country most praised for all possible encounters from Western Europe through Vienna, so wherever it is happening, even in Greece",even in Greece,0.7
SRB,2019,USA,United States,learning_emulation_from,general_migration,national_security,positive,argument_from_practical_reasoning,to achieve effective international cooperation on terrorism,and that we also negotiated such an agreement with the Russian Federation and we expect it to be signed soon,0.8
SRB,2019,HUN,Hungary,learning_emulation_from,refugees,general_policy,positive,argument_from_analogy,we were open to refugees from Hungary during the Cold War,even during the Cold War we were wide open to receive refugees from Hungary,0.8
SRB,2021,MKD,North Macedonia,learning_emulation_from,general_migration,general_policy,negative,argument_from_sign,conflicts with migrants indicate broader issues,And we had conflicts with migrants both in Greece and Macedonia,0.7
SRB,2021,BGR,Bulgaria,learning_emulation_from,general_migration,general_policy,negative,argument_from_sign,Bulgaria's actions indicate broader issues,Bulgaria at the time violated the Berlin Agreement,0.7
SRB,2021,CYP,Cyprus,learning_emulation_from,general_migration,general_policy,positive,argument_from_authority,Article 2 of Article 10 of the Agreement,under Article 2 of Article 10 of the Agreement,0.8
ITA,2015,RUS,Russia,neutral_reporting,general_migration,national_security,negative,argument_ad_hominem,the Baltic countries' anxieties are seen as invalid,the anxieties of the Baltic countries,0.8
ITA,2017,LBY,Libya,neutral_reporting,refugees,returns_deportation,neutral,argument_from_authority,the IOM is a legitimate source,"The IOM , the International Organization for Migrants",0.8
ITA,2019,USA,United States,neutral_reporting,general_migration,returns_deportation,negative,argument_from_analogy,other nations can afford similar policies,"I am thinking of Australia , the United States of America , Russia , or any other nation",0.8
ITA,2020,LBY,Libya,neutral_reporting,general_migration,border_control,negative,argument_ad_hominem,interlocutors are not credible,were not yesterday and even less are credible interlocutors today,0.8
ITA,2020,MLT,Malta,neutral_reporting,general_migration,general_policy,neutral,none_or_unclear,,On 12 and 14 August the ship 's commander wrote to the Spanish embassy in Malta.,0.7
ITA,2022,UKR,Ukraine,neutral_reporting,refugees,general_policy,negative,argument_from_sign,the war in Ukraine is in danger of frustrating our efforts,the war in Ukraine is in danger of frustrating our efforts,0.7
SVN,2016,HUN,Hungary,competition,general_migration,border_control,negative,argument_ad_hominem,the government is incompetent,exactly this incompetent government,0.8
SVN,2017,ITA,Italy,competition,general_migration,general_policy,neutral,argument_from_sign,an increase in migrants is a sign of larger issues,more than last year's migrants,0.8
SVN,2017,AUT,Austria,competition,economic_migrants,general_policy,neutral,argument_from_authority,Austria knows what it's doing,but it's just because Austria knows what it's doing,0.8
SVN,2019,HRV,Republic of Croatia,competition,general_migration,border_control,neutral,argument_from_sign,an increase in waste and illegal migrants at border crossings indicates a broader issue,and in the last year also an increase in the disposal of waste by illegal migrants at border crossings,0.8
SVN,2019,HRV,Croatia,competition,refugees,international_law,neutral,argument_from_sign,foreigners entering Slovenia do not apply for international protection,Foreigners do not enter Slovenia according to data in order to apply for international protection,0.8
SVN,2021,GBR,United Kingdom,competition,general_migration,general_policy,neutral,argument_from_authority,the agreement on the withdrawal of the United Kingdom of Great Britain and Northern Ireland from the European Union and the European Atomic Energy Community,the agreement on the withdrawal of the United Kingdom of Great Britain and Northern Ireland from the European Union and the European Atomic Energy Community,0.8
AUT,2016,UKR,Ukraine,learning_emulation_from,refugees,visas_mobility,negative,argument_from_analogy,"the situation in the EU with unemployment, economic problems, and refugee movements is similar to the potential situation if visa exemptions are granted","with the millions of unemployed, with the economic problems, but also the problems arising from the refugee movements",0.8
AUT,2017,DEU,Germany,learning_emulation_from,asylum_seekers,general_policy,neutral,argument_from_analogy,Germany provides a relevant precedent,a recent example from Germany,0.8
AUT,2018,DEU,Germany,learning_emulation_from,general_migration,general_policy,neutral,none_or_unclear,,In the Federal Republic of Germany the discussion is just beginning.,0.7
AUT,2020,TUR,Turkey,learning_emulation_from,general_migration,integration,negative,argument_ad_hominem,Turkey is trying to tear down integration,Turkey is trying through various associations to tear down a functioning integration,0.8
AUT,2020,ESP,Spain,learning_emulation_from,general_migration,general_policy,neutral,argument_from_analogy,the same action has been taken in other countries,"where social democrats are ruling , the same action has been taken",0.8
AUT,2022,UKR,Ukraine,learning_emulation_from,general_migration,general_policy,negative,argument_from_authority,Unicef is a legitimate source,According to Unicef 's report,0.9
HRV,2017,IRN,Iran,coercion_intervention_to,general_migration,general_policy,neutral,none_or_unclear,,Foreign policy topics were discussed as usual during the European Council 's evening hours,0.8
HRV,2019,GBR,United Kingdom,coercion_intervention_to,general_migration,general_policy,negative,none_or_unclear,,,0.7
HRV,2020,IRL,Ireland,coercion_intervention_to,economic_migrants,integration,negative,argument_ad_hominem,it is absurd for us to have our people working in Ireland back as digital nomads,It 's absurd for us to have our people working in Ireland back as digital nomads,0.7
HRV,2021,SRB,Serbia,coercion_intervention_to,general_migration,border_control,neutral,none_or_unclear,,"As you know , Croatia is the country with the longest land border and is obliged to monitor and protect it , and the most vulnerable part of Croatia 's border is the land border with Serbia and BiH .",0.8
HRV,2021,TUR,Turkey,coercion_intervention_to,general_migration,national_security,neutral,argument_from_practical_reasoning,the role of Turkey and BiH impacts migration and security,of course because of the security of the Mediterranean,0.8
HRV,2022,UKR,Ukraine,coercion_intervention_to,general_migration,returns_deportation,negative,argument_from_sign,millions of people are on the run,millions of people are on the run from Ukraine,0.8
BGR,2015,NLD,Netherlands,competition,general_migration,border_control,negative,argument_from_cause_to_effect,"if Europe fails to deal with the problem at its borders, countries such as the Netherlands, Austria, Germany, Belgium and Luxembourg are preparing for such a mini-Shengen","if Europe fails to deal with the problem at its borders, countries such as the Netherlands, Austria, Germany, Belgium and Luxembourg are preparing for such a mini-Shengen",0.8
BGR,2016,RUS,Russia,competition,general_migration,general_policy,negative,argument_ad_hominem,Russia is portrayed as an imperial power,"Russia, which already frankly says it",0.8
BGR,2018,TUR,Turkey,competition,general_migration,general_policy,neutral,argument_from_sign,there is a different matter with Bulgarians abroad and in Turkey,but somehow there is a different matter with them,0.7
BGR,2018,TUR,Turkey,competition,refugees,general_policy,neutral,argument_from_practical_reasoning,we reacted and was made by the President of Turkey,it was not yet in an official election campaign,0.7
BGR,2021,DEU,Germany,competition,general_migration,national_security,negative,argument_from_practical_reasoning,we need to be prepared for security threats,Are we prepared from a purely security point of view,0.8
BGR,2021,TUR,Turkey,competition,general_migration,general_policy,neutral,argument_from_practical_reasoning,Borisov's visit to Turkey is a practical step in diplomatic relations.,"Borisov's visit to Turkey, his meeting with President Erdogan",0.7
ESP,2016,TUR,Turkey,coercion_intervention_to,refugees,border_control,positive,argument_from_practical_reasoning,to achieve the commitment to comply with the 2015 national resettlement programme,while the remaining transfers are currently under way,0.8
ESP,2019,MAR,Morocco,coercion_intervention_to,general_migration,international_law,negative,argument_ad_hominem,Mr Sánchez is portrayed as incompetent or dishonest,"It is scandalous, Mr Sánchez",0.8
ESP,2022,BLR,Belarus,coercion_intervention_to,refugees,border_control,negative,argument_from_sign,recent hotbeds of tension reflect a much broader crisis,the Polish - Belarus border are just two of the recent hotbeds of tension,0.8
ESP,2022,MAR,Morocco,coercion_intervention_to,general_migration,national_security,negative,argument_ad_hominem,"Morocco does not cooperate, it is a latent threat","Morocco does not cooperate, it is a latent threat",0.8
ESP,2022,MAR,Morocco,coercion_intervention_to,general_migration,general_policy,neutral,argument_from_practical_reasoning,a specific plan will allow a rapid and effective response,which will allow a rapid and effective response,0.8
ESP,2022,MRT,Mauritania,coercion_intervention_to,general_migration,national_security,negative,argument_ad_hominem,those who demand money under the excuse of combating avalanches are coercing us,"who , in exchange for not continuing to launch avalanches at our borders or jumping , demand money",0.8
PRT,2016,NGA,Nigeria,exchange_cooperation,general_migration,border_control,positive,argument_from_practical_reasoning,to combat the root causes of migration,to combat the root causes of migration,0.8
PRT,2018,MLT,Malta,exchange_cooperation,refugees,international_law,negative,argument_from_authority,EU's treaties and the Charter of Fundamental Rights of the European Union give priority to the defence of human rights,"the Treaty of Rome , the Treaty of Lisbon and the Charter of Fundamental Rights of the European Union giving priority to the defence of human rights",0.9
PRT,2020,GRC,Greece,exchange_cooperation,economic_migrants,border_control,negative,argument_from_practical_reasoning,a European policy on migration and asylum is the only one capable,"a European policy on migration and asylum , because it is the only one capable",0.8
PRT,2020,GRC,Greece,exchange_cooperation,refugees,general_policy,neutral,argument_ad_hominem,Mr Ventura thinks this is a national problem,contrary to what Mr Ventura thinks,0.8
PRT,2020,GRC,Greece,exchange_cooperation,refugees,general_policy,neutral,argument_ad_hominem,Mr Ventura thinks this is a national problem,contrary to what Mr Ventura thinks,0.8
PRT,2022,RUS,Russia,exchange_cooperation,refugees,international_law,negative,argument_ad_hominem,the speaker attacks the source of an opposing position rather than the position itself,Is that the solidarity of this Europe ?,0.8
FRA,2018,ISR,Israel,exchange_cooperation,general_migration,national_security,negative,argument_from_practical_reasoning,to deny the right of asylum to a person who has allegedly been involved in an act of terrorism,we propose to deny the right of asylum,0.9
FRA,2019,ARM,Armenia,exchange_cooperation,general_migration,general_policy,positive,argument_from_practical_reasoning,it considerably strengthens the political and economic partnership,it considerably strengthens the political and economic partnership,0.8
FRA,2019,DEU,Germany,exchange_cooperation,asylum_seekers,returns_deportation,neutral,argument_from_practical_reasoning,bilateral agreements can facilitate transfers,the bilateral agreement signed recently with Germany,0.8
FRA,2020,NER,Niger,exchange_cooperation,general_migration,general_policy,negative,argument_from_analogy,Niger demonstrates effective handling of consular passes,"while progress is possible , as Niger demonstrates",0.8
FRA,2020,TUR,Turkey,exchange_cooperation,general_migration,general_policy,neutral,argument_from_practical_reasoning,financial commitments are very significant,the financial commitments are very significant,0.8
FRA,2022,RUS,Russia,exchange_cooperation,general_migration,border_control,neutral,none_or_unclear,,"Since then , Russia and Belarus have chosen to make a historical rapprochement by deepening their economic integration and military doctrine in documents signed on 4 November 2021 .",0.7
AUT,2016,JOR,Jordan,exchange_cooperation,refugees,general_policy,neutral,argument_from_practical_reasoning,we must negotiate in order to provide assistance,"we must negotiate with Jordan , Lebanon and Turkey",0.8
AUT,2017,LBY,Libya,exchange_cooperation,refugees,border_control,positive,argument_from_practical_reasoning,to ensure that refugees can stay in that region,with a view to ensuring that refugees can stay in that region,0.8
AUT,2018,EGY,Egypt,exchange_cooperation,general_migration,general_policy,positive,argument_from_cause_to_effect,rescues in the Mediterranean and bringing people back to transit countries lead to a significant decrease in illegal migration to Europe,"but after the rescue in the Mediterranean , bring people back not to Europe but to the transit countries – with the result that illegal migration to Europe is falling significantly",0.8
AUT,2020,SRB,Serbia,exchange_cooperation,general_migration,returns_deportation,neutral,none_or_unclear,,,0.8
AUT,2020,TUR,Turkey,exchange_cooperation,refugees,general_policy,negative,argument_from_sign,large numbers of refugees indicate a broader crisis,"we have about 50,000 people in Greece , we have about 50,000 people in the Balkans , we have 3.5 million refugees in Turkey and we have a much larger number in Syria , Iraq and its neighbouring countries",0.8
AUT,2022,SVK,Slovakia,exchange_cooperation,general_migration,visas_mobility,neutral,none_or_unclear,,,0.7
SRB,2018,BIH,Bosnia and Herzegovina,exchange_cooperation,general_migration,general_policy,negative,none_or_unclear,,where the Serbian people today have a very difficult time living,0.7
SRB,2019,USA,United States,exchange_cooperation,general_migration,national_security,positive,argument_from_practical_reasoning,strengthening co-operation will improve security and cooperation,we need to move forward and strengthen this mutual co-operation,0.8
SRB,2021,HUN,Hungary,exchange_cooperation,general_migration,general_policy,positive,none_or_unclear,,I am in almost daily contact with Minister Sijart regarding vaccines.,0.7
SRB,2021,MKD,North Macedonia,exchange_cooperation,general_migration,national_security,positive,argument_from_cause_to_effect,small Schengen accelerates the flow between countries,since we have a small Schengen that has accelerated the flow between Serbia and northern Macedonia,0.8
SRB,2021,MKD,North Macedonia,exchange_cooperation,general_migration,national_security,positive,argument_from_practical_reasoning,North Macedonia may be the most important country in the environment for us in this process,which concerns a common fight against migrant smuggling,0.8
SRB,2021,NOR,Norway,exchange_cooperation,general_migration,general_policy,positive,argument_from_authority,Norway is a reliable partner and donor,Norway has donated five million euros to us,0.8
TUR,2018,AFG,Afghanistan,competition,general_migration,general_policy,negative,argument_ad_hominem,Benjamin Franklin is a well-known figure whose quotes are often cited to make political points.,"He says : "" Democracy is the voting of two wolves and a lamb for dinner, and freedom is the opposition of a fully equipped lamb for voting. """,0.7
TUR,2019,IRQ,Iraq,competition,general_migration,national_security,neutral,argument_from_sign,there was more to it than that,but there was more to it than that,0.7
TUR,2020,BEL,Belgium,competition,general_migration,international_law,negative,argument_from_sign,growing racism and Islamophobia threaten Europe and the world,"growing racism and Islamophobia, especially in Austria , Germany and Belgium",0.8
TUR,2021,CHN,China,competition,refugees,general_policy,neutral,argument_from_sign,the presence of large cement factories indicates industrial growth,"after the two were evaluated together, the world's third largest factory in the world is built here",0.8
TUR,2021,CHN,China,competition,general_migration,general_policy,positive,argument_from_analogy,comparing population rankings,but if you compare it to the population,0.8
TUR,2022,UKR,Ukraine,competition,general_migration,national_security,negative,argument_from_cause_to_effect,the war between Ukraine and Russia has created potential and problems that affect the world,"the war between Ukraine and Russia, which began on 24 February 2022, at the same time, had reached the point of explosion",0.8
BEL,2017,MNE,Montenegro,neutral_reporting,refugees,general_policy,neutral,argument_from_practical_reasoning,to expand the list of countries,you wanted to add three Maghreb countries,0.8
BEL,2019,PER,Peru,neutral_reporting,general_migration,visas_mobility,neutral,none_or_unclear,,"The interviews showed that these people mainly flew from Palestine to South America with Turkish Airlines or from Egypt to Brazil , Colombia , Ecuador and then Chile and Peru .",0.7
BEL,2020,ESH,Western Sahara,neutral_reporting,refugees,general_policy,negative,none_or_unclear,,,0.7
BEL,2021,AFG,Afghanistan,neutral_reporting,general_migration,returns_deportation,positive,argument_from_practical_reasoning,coherence leads to positive prospects for Belgians and Afghans,who must have positive prospects,0.8
BEL,2021,DEU,Germany,neutral_reporting,general_migration,national_security,negative,argument_ad_hominem,they are doing so for the sake of security,are you not going to tell me that they are doing so for the sake of security,0.7
BEL,2022,CMR,Cameroon,neutral_reporting,students,general_policy,negative,argument_from_sign,high numbers indicate a systemic issue,figures for Cameroon,0.8
BIH,2017,RUS,Russia,coercion_intervention_to,general_migration,border_control,positive,argument_from_authority,the President of the Republic of Belarus has the authority to sign decisions,according to which citizens of Bosnia and Herzegovina carry ordinary passports,0.9
BIH,2020,SRB,Serbia,coercion_intervention_to,general_migration,international_law,negative,argument_from_sign,68 only neighbouring Serbia returned in various ways about 300,and we know that 68 only neighbouring Serbia returned in various ways about 300,0.7
BIH,2021,SRB,Serbia,coercion_intervention_to,general_migration,border_control,negative,argument_from_sign,the lack of answers indicates a problem,they do not answer my question,0.8
BIH,2021,SRB,Republic of Serbia,coercion_intervention_to,general_migration,international_law,positive,argument_from_authority,the border police and MUP of Montenegro have competences in the area of control and control of the crossing of the common state border,the border police in the previous period have already achieved good co-operation with the organisation units of the Republic of Serbia and the MUP of Montenegro,0.8
BIH,2021,MNE,Montenegro,coercion_intervention_to,general_migration,international_law,positive,argument_from_authority,the border police and MUP of Montenegro are competent authorities,the border police in the previous period have already achieved good co-operation with the organisation units of the Republic of Serbia and the MUP of Montenegro,0.8
BIH,2022,PER,Peru,coercion_intervention_to,general_migration,allocation_of_resources,positive,argument_from_practical_reasoning,it would be quite logical to make such a decision,"because if , according to a valid decision on visas , BiH has a",0.8
NLD,2016,TUR,Turkey,coercion_intervention_to,refugees,integration,negative,argument_from_sign,failing to meet this demand indicates broader issues,Turkey is also failing to meet this demand,0.8
NLD,2018,TUR,Turkey,coercion_intervention_to,general_migration,border_control,negative,argument_from_sign,a decline in the number of arrivals is a sign of the effectiveness of the Turkey deal,"the decline in the number of arrivals in Greece from Turkey prior to the entry into force of the Turkey deal was already under 5,000",0.7
NLD,2019,TUR,Turkey,coercion_intervention_to,general_migration,border_control,negative,argument_from_cause_to_effect,the withdrawal of the ambassador is a consequence of the situation,This has even led to the withdrawal of the ambassador from Turkey,0.8
NLD,2020,GBR,United Kingdom,coercion_intervention_to,general_migration,general_policy,negative,argument_from_cause_to_effect,the decision will have consequences for their lives,for their lives in the UK,0.8
NLD,2020,JOR,Jordan,coercion_intervention_to,refugees,general_policy,negative,argument_from_analogy,Jordan has similar problems,And Jordan has similar problems right now,0.8
NLD,2022,POL,Poland,coercion_intervention_to,refugees,international_law,negative,argument_ad_hominem,Poland's actions are hypocritical given their hospitality towards refugees from Ukraine,Poland 's hospitality towards the refugees from Ukraine is very commendable,0.8
LVA,2018,EST,Estonia,coercion_intervention_to,general_migration,general_policy,negative,none_or_unclear,,"The question of Estonia is also , in my opinion , out of place .",0.7
LVA,2021,ARM,Armenia,coercion_intervention_to,refugees,general_policy,negative,argument_from_sign,large number of refugees indicates a broader issue,"Two hundred thousand refugees from Armenia itself, who fled to Azerbaijan",0.7
LVA,2021,LTU,Lithuania,coercion_intervention_to,general_migration,border_control,neutral,argument_from_analogy,other countries are also affected by the crisis,such as Lithuania and Poland,0.8
LVA,2022,RUS,Russia,coercion_intervention_to,general_migration,national_security,negative,argument_from_practical_reasoning,to achieve recovery of losses from countries that are legal heirs to these criminal regimes,to demand recovery of these losses from countries that are legal heirs to these criminal regimes,0.9
LVA,2022,LTU,Lithuania,coercion_intervention_to,general_migration,national_security,negative,argument_ad_hominem,those who deliberately direct migrants are malicious,deliberately directed across the borders,0.8
LVA,2022,UKR,Ukraine,coercion_intervention_to,refugees,general_policy,positive,argument_from_practical_reasoning,"proportion to all our capabilities, and also in terms of our size and the ability of our armed forces to provide assistance","in proportion to all our capabilities, and also in terms of our size and the ability of our armed forces to provide assistance",0.8
BIH,2021,GBR,United Kingdom,learning_emulation_from,general_migration,asylum_procedure,neutral,none_or_unclear,,,0.8
BIH,2021,PAK,Pakistan,learning_emulation_from,asylum_seekers,national_security,negative,argument_from_sign,high percentages indicate systemic issues,"Afghanistan during the previous year with a total of 28 % , followed by Pakistan with 24",0.8
BIH,2021,GBR,United Kingdom,learning_emulation_from,general_migration,national_security,neutral,none_or_unclear,,,0.7
BIH,2021,GBR,United Kingdom,learning_emulation_from,refugees,international_law,neutral,none_or_unclear,,,0.8
BIH,2021,GBR,United Kingdom,learning_emulation_from,refugees,international_law,neutral,none_or_unclear,,,0.8
BIH,2022,UKR,Ukraine,learning_emulation_from,refugees,returns_deportation,negative,argument_from_sign,"a large number of them not knowing where they're headed, neither where their destination is, nor whether or when they'll return to thei","a large number of them not knowing where they're headed, neither where their destination is, nor whether or when they'll return to thei",0.7
LVA,2019,USA,United States,learning_emulation_from,general_migration,integration,negative,argument_from_analogy,"families may not expect to travel to the United States after two or three years, or to Germany, Israel or other countries","that these families, some may not expect to travel to the United States after two or three years, or to Germany, Israel or other countries",0.8
LVA,2020,BLR,Belarus,learning_emulation_from,general_migration,general_policy,negative,argument_from_practical_reasoning,laws should reflect actual interests of involved parties,which have never shown any interest,0.7
LVA,2021,CHN,China,learning_emulation_from,general_migration,general_policy,negative,argument_from_cause_to_effect,the virus epidemic leads to cities being closed,which has already led to the first city being completely closed and others being able to follow,0.8
LVA,2021,LTU,Lithuania,learning_emulation_from,general_migration,general_policy,negative,argument_from_cause_to_effect,"their aim is to get deeper into Europe, especially in Western countries",their destination is probably not the European Union,0.8
LVA,2021,IRQ,Iraq,learning_emulation_from,general_migration,general_policy,neutral,none_or_unclear,,"I was also in Iraq in Kurdistan , where cities such as Suleimania and Erbila are located .",0.7
LVA,2022,RUS,Russia,learning_emulation_from,refugees,general_policy,negative,argument_from_authority,the Saeima's acknowledgment is authoritative,"On 21 April , the Saeima acknowledged that the Russian Federation is carrying out genocide against Ukrainian people",0.8
FIN,2016,RUS,Russia,coercion_intervention_to,general_migration,integration,neutral,argument_from_practical_reasoning,to achieve this goal,"To achieve this goal, we must also work with Russia",0.8
FIN,2019,IRQ,Iraq,coercion_intervention_to,general_migration,integration,neutral,argument_from_practical_reasoning,cooperation should be demanded from Iraq,that cooperation should be demanded from Iraq,0.8
FIN,2020,GRC,Greece,coercion_intervention_to,general_migration,general_policy,negative,argument_from_authority,the countries of the European Union have supported this,the countries of the European Union have supported this,0.8
FIN,2021,RUS,Russia,coercion_intervention_to,general_migration,national_security,negative,argument_from_sign,Russia and foreign policy issues challenge the credibility of the EU's common foreign and security policy,Russia and foreign policy issues challenge the credibility of the EU's common foreign and security policy,0.7
FIN,2021,AFG,Afghanistan,coercion_intervention_to,refugees,general_policy,neutral,argument_from_practical_reasoning,we should follow the quota refugee system,through our quota refugee system and within the limits it defines,0.8
FIN,2021,LVA,Latvia,coercion_intervention_to,general_migration,national_security,negative,argument_from_sign,border disturbances and military activity indicate a broader issue,"Recently , there have been concerns about the border disturbance of Belarus towards Poland , Lithuania and Latvia by means of migrants and the military activity of Russia in the vicinity of the Ukrainian border .",0.8
FRA,2018,USA,United States,competition,general_migration,general_policy,negative,argument_from_authority,the United States became a nuclear power due to foreign brains,the United States have become a nuclear power in 1945,0.7
FRA,2019,POL,Poland,competition,general_migration,national_security,negative,argument_from_sign,"about our collective failure, as regards the situation of migrants","about our collective failure, as regards the situation of migrants",0.7
FRA,2019,AUS,Australia,competition,economic_migrants,general_policy,positive,argument_from_analogy,some countries have understood the importance of attractiveness in ensuring labour immigration,such as Australia or Canada,0.8
FRA,2021,CAF,Central African Republic,competition,general_migration,allocation_of_resources,negative,argument_from_cause_to_effect,improving the ranking of world misery will prevent immigration,"when our country replaces Yemen, the Central African Republic and Venezuela in the ranking of world misery",0.8
FRA,2021,GBR,United Kingdom,competition,general_migration,border_control,neutral,argument_from_authority,private companies carry out work within the competence of the Regalian power,a private company carries out a work that falls within the competence of the Regalian power,0.8
FRA,2021,GBR,United Kingdom,competition,general_migration,general_policy,negative,argument_ad_hominem,the speaker assumes the audience knows the migrants' intentions,you know better than anyone,0.8
CZE,2016,TUR,Turkey,learning_emulation_from,general_migration,border_control,negative,argument_from_practical_reasoning,the funds could be better used for border protection,could be used to protect Schengen borders consistently,0.8
CZE,2018,USA,United States,learning_emulation_from,general_migration,border_control,negative,argument_from_analogy,following the model of Hungary and the United States of America,following the model of Hungary and the United States of America,0.8
CZE,2019,TUR,Turkey,learning_emulation_from,general_migration,general_policy,negative,argument_from_cause_to_effect,there was no interest in New York,because there was no interest in New York,0.8
CZE,2022,UKR,Ukraine,learning_emulation_from,refugees,general_policy,negative,argument_from_cause_to_effect,the war caused by Russia's aggression leads to a refugee crisis,"as a result of the war caused by Russia's aggression and, of course, the subsequent refugee crisis",0.8
CZE,2022,UKR,Ukraine,learning_emulation_from,general_migration,integration,positive,argument_from_cause_to_effect,crisis measures have decreased in importance but are still necessary,"the importance of crisis measures has decreased, but it is still the necessary measures",0.8
CZE,2022,UKR,Ukraine,learning_emulation_from,general_migration,national_security,negative,argument_from_sign,the number of offences is a sign of future issues,i.e. before the outbreak of the Ukrainian migration crisis,0.7
NLD,2016,MKD,North Macedonia,exchange_cooperation,general_migration,border_control,positive,argument_from_practical_reasoning,fairness towards neighboring countries,We must also be fair to the four countries in the Western Balkans,0.8
NLD,2017,TUR,Turkey,exchange_cooperation,refugees,general_policy,negative,argument_from_analogy,agreements like those in Turkey are needed,like agreements are needed,0.8
NLD,2018,ALB,Albania,exchange_cooperation,general_migration,general_policy,negative,argument_from_practical_reasoning,we will not achieve the objectives we set out in the coalition agreement,but then we will not achieve the objectives we set out in the coalition agreement,0.8
NLD,2019,MAR,Morocco,exchange_cooperation,general_migration,general_policy,negative,argument_ad_hominem,those who come from Morocco and pretend to be Algerian are dishonest,"of course , is that foreigners themselves realize",0.7
NLD,2019,MLT,Malta,exchange_cooperation,refugees,returns_deportation,positive,argument_from_authority,a number of Member States of the European Union have drawn up a joint declaration of intent,"it is so good that a number of Member States of the European Union, Germany, France, Italy, Malta and Finland, have drawn up a joint declaration of intent",0.8
NLD,2022,PAK,Pakistan,exchange_cooperation,general_migration,general_policy,neutral,none_or_unclear,,The possibilities for leaving Pakistan are limited,0.3
SRB,2018,MKD,North Macedonia,coercion_intervention_to,refugees,general_policy,negative,argument_ad_hominem,"those who come through Greece, via Turkey, through Macedonia, through Bulgaria","Those who come through Greece, via Turkey, through Macedonia, through Bulgaria",0.8
SRB,2018,IND,India,coercion_intervention_to,refugees,international_law,neutral,argument_from_cause_to_effect,establishing a link between police activities and arrests of smugglers,"thanks to police activities in the area of Kikinda, Subotica, Kanjiže was discovered by an eight-member criminal group involved in smuggling migrants from India and Afghanistan",0.8
SRB,2019,CHE,Switzerland,coercion_intervention_to,general_migration,general_policy,negative,argument_from_analogy,Switzerland's actions serve as a contrast,Switzerland from William Telle fired no bullets,0.8
SRB,2019,MNE,Montenegro,coercion_intervention_to,general_migration,integration,positive,argument_from_practical_reasoning,to speed up the possibility that all those who wish to gain the citizenship of the Republic of Serbia ... get it within six months,"to speed up the possibility that all those who wish to gain the citizenship of the Republic of Serbia , many of them , therefore , do not want to stay and live with their families in Montenegro , get it within six months",0.8
SRB,2019,AUT,Austria,coercion_intervention_to,general_migration,returns_deportation,neutral,argument_from_authority,former Austrian Interior Minister Herbert Kikla made a statement,"for the first time , as a minister , I have concluded a contract with Serbia where people who receive a negative response to asylum in Austria , but cannot return to their countries are taken to Serbia",0.8
SRB,2021,BGR,Bulgaria,coercion_intervention_to,general_migration,returns_deportation,positive,argument_from_practical_reasoning,"we want X, so we must do Y","to reach Bulgaria in average salaries by the end of this year, and that's what we end up doing for migration",0.8
AUT,2016,TUR,Turkey,coercion_intervention_to,general_migration,border_control,negative,argument_from_cause_to_effect,we would have to deal with all this in Greece,we would have to deal with all this in Greece,0.8
AUT,2017,RUS,Russia,coercion_intervention_to,general_migration,allocation_of_resources,neutral,argument_from_cause_to_effect,his insights led to EU sanctions against Russia,which has just led to the EU sanctions against Russia,0.8
AUT,2019,TUR,Turkey,coercion_intervention_to,general_migration,general_policy,negative,argument_from_cause_to_effect,volatile situations lead to increased migration,"The volatile situation in Turkey and instability in Iran, Syria and Afghanistan lead to increased migration pressure in Greece.",0.8
AUT,2021,DNK,Denmark,coercion_intervention_to,general_migration,international_law,negative,argument_ad_hominem,those who,clear rejection – that is not true with the Greens!,0.8
AUT,2021,AFG,Afghanistan,coercion_intervention_to,general_migration,returns_deportation,neutral,none_or_unclear,,,0.7
AUT,2022,TUN,Tunisia,coercion_intervention_to,general_migration,returns_deportation,positive,none_or_unclear,,,0.7
TUR,2016,MLI,Mali,coercion_intervention_to,refugees,international_law,negative,argument_from_authority,U.N. troops are reporting rape in refugee camps,U.N. troops that are being reported to the Turkish press,0.8
TUR,2019,SYR,Syria,coercion_intervention_to,refugees,returns_deportation,negative,argument_from_practical_reasoning,praying for peace leads to peace,We want peace and peace in our geography,0.8
TUR,2020,LBY,Libya,coercion_intervention_to,general_migration,international_law,neutral,argument_from_practical_reasoning,"to achieve military support from Turkey, the Libyan government is requesting help",The Libyan National Covenant government has requested military support from Turkey,0.8
TUR,2020,DEU,Germany,coercion_intervention_to,high_skilled_workers,general_policy,negative,argument_from_analogy,comparing the current situation to historical events,"in 1933 , Hitler and his fascist party came to power in Germany",0.8
TUR,2020,IRQ,Iraq,coercion_intervention_to,asylum_seekers,national_security,positive,argument_from_authority,the High Council and your delegation are authoritative sources,I salute the High Council and your delegation,0.8
TUR,2022,SYR,Syria,coercion_intervention_to,refugees,returns_deportation,negative,argument_from_cause_to_effect,"war and 3m700,000 Syrian open-door policy led to troubles",and the troubles began and continued to grow,0.8
NOR,2016,SWE,Sweden,competition,refugees,general_policy,negative,argument_from_sign,Sweden has a huge challenge,Sweden has had and has a huge challenge in dealing with this,0.8
NOR,2020,GRC,Greece,competition,refugees,returns_deportation,neutral,argument_from_analogy,Norway's success in relocating refugees can be used as a model for Greece.,but we relocated more than Greece itself has managed to return,0.8
NOR,2020,GRC,Greece,competition,asylum_seekers,border_control,positive,argument_from_practical_reasoning,"we want to help Greece process asylum seeker applications, so we must contribute EUR 350 million through EEA funds",with the competence of our foreign authorities to help Greece process the applications for asylum seekers,0.8
NOR,2020,TUR,Turkey,competition,asylum_seekers,international_law,negative,argument_from_cause_to_effect,Europe closing its borders in 2016 led to fewer asylum seekers arriving in Norway,they are stopped in Turkey and Greece after Europe closed its borders in 2016,0.8
NOR,2020,SYR,Syria,competition,refugees,border_control,negative,none_or_unclear,,IS and Al Qaida terrorized large areas of Syria and Iraq,0.7
NOR,2021,LBY,Libya,competition,general_migration,general_policy,negative,argument_from_practical_reasoning,more search and rescue is needed to save people,several rescue operations are needed there – more search and rescue,0.8
BIH,2018,HRV,Croatia,neutral_reporting,general_migration,border_control,neutral,argument_from_sign,the number of migrants crossing borders indicates broader issues,"most of the crossings have been recorded at the border with Serbia , with Montenegro , and lately , of course , with Croatia .",0.7
BIH,2020,BGD,Bangladesh,neutral_reporting,refugees,general_policy,neutral,argument_from_sign,"the presence of 6,000 migrants indicates a problem","we currently have about 6,000 of these persons in BiH",0.7
BIH,2020,BGD,Bangladesh,neutral_reporting,general_migration,general_policy,neutral,none_or_unclear,,,0.8
BIH,2021,SVN,Slovenia,neutral_reporting,general_migration,border_control,negative,argument_from_sign,long waiting times at borders indicate poor border management,how many hours we have to wait,0.8
BIH,2021,MNE,Montenegro,neutral_reporting,general_migration,border_control,neutral,argument_from_sign,freedom to travel without PCR test indicates better migration policies,"The only freedom that exists at this time is for our neighbouring countries Croatia , Montenegro and Serbia",0.7
BIH,2022,UKR,Ukraine,neutral_reporting,refugees,general_policy,positive,argument_from_practical_reasoning,"to achieve adequate reception of refugees who decide to come to BiH, providing financial and material assistance to BiH to the state of Ukraine is necessary",providing financial and material assistance to BiH to the state of Ukraine will be one of today 's proposed conclusions,0.8
HRV,2017,DEU,Germany,competition,refugees,general_policy,negative,argument_from_analogy,comparing the situation of Afghans now to their situation in 2000,"in 2000 , in Germany , there was , i.e. 5,000 refugees came to Germany from Afghanistan",0.8
HRV,2020,GRC,Greece,competition,general_migration,border_control,positive,argument_from_sign,a rise in traffic to Greece indicates a broader trend,Greece currently has 8 % of the traffic since last year,0.8
HRV,2020,DEU,Germany,competition,general_migration,general_policy,negative,argument_from_analogy,comparing past migration to current migration,"they came to the best paid, or to the most attractive jobs",0.8
HRV,2022,UKR,Ukraine,competition,general_migration,integration,negative,argument_from_sign,the lack of translators is a sign of a problem,very few translators are available at the first contact,0.8
HRV,2022,UKR,Ukraine,competition,general_migration,general_policy,negative,argument_ad_hominem,parliamentary clubs in the ranks of the ruling spoke of political support,certain parliamentary clubs in the ranks of the ruling spoke of political support,0.8
HRV,2022,FIN,Finland,competition,asylum_seekers,international_law,negative,argument_ad_hominem,the opposition is portrayed as having missed an opportunity and being embarrassed,even though their downsizing before Turkey is considered embarrassing,0.8
GBR,2015,LBY,Libya,neutral_reporting,refugees,general_policy,negative,argument_from_cause_to_effect,regime change leads to chaos and refugees,The policy of regime change in Iraq and Libya led not to democratisation but to chaos and a flood of refugees,0.8
GBR,2016,GGY,Guernsey,neutral_reporting,general_migration,general_policy,neutral,none_or_unclear,,"My Lords , among the first batch of non-member territories expected to receive AIFM passporting towards the end of this year are Guernsey and , I believe , Jersey , as well as Hong Kong and the USA .",0.7
GBR,2017,LBY,Libya,neutral_reporting,general_migration,general_policy,neutral,none_or_unclear,,The most substantive part of the discussions in Malta were about migration from Libya.,0.8
GBR,2017,SSD,South Sudan,neutral_reporting,refugees,allocation_of_resources,negative,argument_from_analogy,countries such as South Sudan have similar situations,"In countries such as South Sudan, the two run side by side",0.8
GBR,2017,SSD,South Sudan,neutral_reporting,refugees,national_security,negative,argument_from_sign,high levels of displacement and food insecurity indicate a broader crisis,1.9 million are internally displaced,0.8
GBR,2022,SSD,South Sudan,neutral_reporting,refugees,general_policy,neutral,argument_from_sign,large numbers of migrants indicate systemic issues,"Uganda has nearly 1.5 million, mainly from South Sudan",0.7
EST,2016,RUS,Russia,neutral_reporting,economic_migrants,allocation_of_resources,negative,argument_from_sign,the presence of many seasonal workers from Russia indicates a lack of restrictions,there are very many seasonal workers from Russia,0.8
EST,2019,CAN,Canada,neutral_reporting,general_migration,integration,negative,argument_ad_hominem,to receive support from the right side of the hall,in order to receive support from the right side of the hall,0.8
EST,2021,RUS,Russia,neutral_reporting,general_migration,integration,negative,argument_from_practical_reasoning,"to achieve Estonian citizenship for the child, the parents must release them from Russian citizenship",because under the citizenship law of the Russian Federation minors will not be released from it,0.8
EST,2021,POL,Poland,neutral_reporting,general_migration,border_control,negative,argument_from_sign,Belarus' actions indicate a hybrid war,"there is a real hybrid war on the borders of Poland , Lithuania and Latvia",0.8
EST,2022,LVA,Latvia,neutral_reporting,general_migration,border_control,neutral,argument_from_practical_reasoning,to address security concerns,to build a border fence already this year,0.8
EST,2022,UKR,Ukraine,neutral_reporting,refugees,general_policy,negative,argument_ad_hominem,the Government of the Republic of Estonia did not cause the war,The Government of the Republic of Estonia has certainly not caused the situation,0.8
GBR,2015,LBY,Libya,competition,general_migration,national_security,positive,argument_from_practical_reasoning,we need to focus on two things to make the biggest difference,one is trying to get a competent Government in Libya — a Government that have authority and that we can deal with — and the second is to break the link between people getting on a boat and getting settlement rights in Europe,0.8
GBR,2015,LBY,Libya,competition,refugees,national_security,negative,argument_from_sign,the Arab spring has degenerated in every single country in which it appeared,What was once hailed as the Arab spring has degenerated in every single country in which it appeared to be taking place,0.8
GBR,2015,LBY,Libya,competition,refugees,general_policy,neutral,argument_from_practical_reasoning,working with local partners leads to solutions,work with local partners to seek a solution,0.8
GBR,2016,LBY,Libya,competition,refugees,national_security,negative,argument_from_practical_reasoning,we would have put up holding centres in Libya if it was operating as it should have done,we would have put up holding centres in Libya,0.8
GBR,2017,BIH,Bosnia and Herzegovina,competition,general_migration,international_law,positive,none_or_unclear,,"She maintained the family home and reared three children while her husband served in the Marines , including on tours of duty in Bosnia and in Northern Ireland .",0.8
SWE,2016,TUR,Turkey,coercion_intervention_to,refugees,general_policy,negative,argument_from_cause_to_effect,the road via Turkey was closed,after the road via Turkey was closed,0.8
SWE,2019,SEN,Senegal,coercion_intervention_to,general_migration,returns_deportation,negative,argument_from_sign,the grant of a new visa is a sign of no problems,which should be a sign that the Union does not see at all the problems seen in Sweden,0.8
SWE,2020,ISR,Israel,coercion_intervention_to,refugees,returns_deportation,negative,argument_from_sign,the number of Palestinians cannot realistically return,it is completely unrealistic for 5.6 million Palestinians to return,0.8
SWE,2021,DNK,Denmark,coercion_intervention_to,general_migration,general_policy,negative,argument_from_analogy,Denmark has similar legislation,Denmark has exactly the legislation that Mikael Eskilandersson opposes here,0.8
SWE,2021,UGA,Uganda,coercion_intervention_to,general_migration,returns_deportation,negative,argument_from_sign,people being rejected and LGBT people fearing for their lives indicate a broader issue,"people who are rejected on completely wrong grounds and LGBT people who will not return to Uganda, because they would then lose their lives",0.8
SWE,2022,RUS,Russia,coercion_intervention_to,economic_migrants,international_law,negative,argument_from_sign,a large number of migrant workers in Russia who have been affected in many contexts,there are a large number of migrant workers in Russia who have been affected in many contexts,0.8
UKR,2016,NLD,Netherlands,exchange_cooperation,general_migration,national_security,negative,argument_from_sign,turbulence results in Eurosceptic victory,This turbulence has resulted in events such as the victory of Eurosceptics in a referendum in the Netherlands,0.8
UKR,2020,GBR,United Kingdom,exchange_cooperation,general_migration,general_policy,positive,argument_from_practical_reasoning,the agreement will simplify travel conditions,which will simplify the conditions for Ukrainian citizens to travel to Britain,0.8
UKR,2021,BLR,Republic of Belarus,exchange_cooperation,general_migration,national_security,positive,none_or_unclear,,"And I think we need to guarantee to the Ukrainian people the ability of today 's Ukrainian authorities to provide security that does not come from any side , either from the Russian Federation 's aggressor country or from the Republic of Belarus .",0.7
UKR,2021,LTU,Lithuania,exchange_cooperation,general_migration,national_security,neutral,none_or_unclear,,"I am personally and the heads of the foreign service , the National Police , the National Guard are in close contact with relevant leaders",0.7
UKR,2021,BLR,Belarus,exchange_cooperation,general_migration,national_security,neutral,none_or_unclear,,"to see how the threats , how this is happening directly on the state border of Belarus and Poland",0.7
UKR,2022,DEU,Germany,exchange_cooperation,general_migration,general_policy,positive,none_or_unclear,,null,0.1
GBR,2016,LBY,Libya,exchange_cooperation,refugees,border_control,neutral,none_or_unclear,,"NATO assistance in patrolling the maritime borders between Greece and Turkey , and those between Libya and Italy , is another element .",0.7
GBR,2016,LBY,Libya,exchange_cooperation,general_migration,border_control,neutral,argument_from_cause_to_effect,the agreement with Turkey reduced illegal crossings,the very significant reductions in illegal crossings from Turkey to Greece as a result of the agreement made with Turkey in March,0.8
GBR,2017,LBY,Libya,exchange_cooperation,general_migration,returns_deportation,positive,argument_from_practical_reasoning,supporting agreements will ensure returns to suitable conditions,to ensure that people can be returned to suitable conditions,0.8
GBR,2017,LBY,Libya,exchange_cooperation,general_migration,general_policy,neutral,none_or_unclear,,A joint FCO and DFID team is working on the wider issues relating to Libya,0.5
GBR,2019,LBY,Libya,exchange_cooperation,general_migration,general_policy,negative,argument_from_cause_to_effect,Libya becoming a failed state will lead to increased migration flows,the implications of Libya becoming a failed state in terms of migration flows,0.8
GBR,2021,LBY,Libya,exchange_cooperation,general_migration,returns_deportation,negative,argument_from_sign,this is a much wider issue,"they are coming from the Sahel , from Africa and from Libya",0.8
ISL,2017,DNK,Denmark,coercion_intervention_to,general_migration,general_policy,neutral,argument_from_analogy,the case in Denmark can be compared to the current situation,as has been the case in Denmark,0.8
ISL,2021,DNK,Denmark,coercion_intervention_to,general_migration,allocation_of_resources,negative,argument_from_sign,the cost to hospices is a sign of the overall cost,"i.e. Denial , 6 million . K. every year",0.8
ISL,2021,GRC,Greece,coercion_intervention_to,refugees,allocation_of_resources,negative,argument_from_practical_reasoning,"we want to help people, so we must use money to assist them",it is much better to use that money to help people,0.8
ISL,2022,UKR,Ukraine,coercion_intervention_to,refugees,general_policy,neutral,argument_from_authority,the highest Social and workforce minister is an authority on immigration policies,the highest Social and workforce minister where he holds out,0.8
ISL,2022,UKR,Ukraine,coercion_intervention_to,refugees,integration,negative,argument_from_authority,the law does not necessarily require the material treatment of the requests,it does not necessarily require the material treatment of the requests,0.7
ISL,2022,DNK,Denmark,coercion_intervention_to,refugees,national_security,neutral,argument_ad_hominem,those who come to the country are not trustworthy and are trying to deceive people,to risk their lives after taking even the entire estate or sometimes more than the requirement for the individual to become a slave,0.8
ESP,2016,TUR,Turkey,learning_emulation_from,refugees,general_policy,negative,argument_ad_hominem,"you have decided to adopt unilaterally, as all groups have reminded you this morning, against the mandate of this House",against the mandate of this House,0.8
ESP,2018,ARG,Argentina,learning_emulation_from,general_migration,general_policy,neutral,argument_from_analogy,"the history of compatriots who not long ago had to be exiled and exiled during the long Francoist night, who were welcomed","who were welcomed, to quote some countries",0.8
ESP,2020,NOR,Norway,learning_emulation_from,general_migration,general_policy,negative,argument_from_analogy,"you only learn from the press of something as dramatic for tourism as what the United Kingdom, Belgium, Norway, Germany and France have announced","what the United Kingdom, Belgium, Norway, Germany and France have announced",0.8
ESP,2021,AFG,Afghanistan,learning_emulation_from,general_migration,allocation_of_resources,positive,argument_from_practical_reasoning,the system works for collaborators and their families,The system continues to work day by day for our collaborators and their families,0.8
ESP,2022,POL,Poland,learning_emulation_from,general_migration,general_policy,positive,argument_from_analogy,other European nations have already done so,"Other European nations , such as Poland and Hungary , have already done so",0.8
ESP,2022,MAR,Morocco,learning_emulation_from,asylum_seekers,border_control,negative,argument_from_practical_reasoning,people prefer legal channels over illegal ones,he or she can apply for protection in a normal way,0.8
SWE,2016,LBY,Libya,competition,general_migration,allocation_of_resources,negative,argument_from_sign,increasing numbers of migrants indicate a broader condition,increasing numbers of migrants are coming from Libya,0.8
SWE,2019,FIN,Finland,competition,general_migration,general_policy,negative,argument_from_analogy,Nordic countries have different policies despite similar legal frameworks,such as Finland and Sweden,0.8
SWE,2020,AUS,Australia,competition,refugees,integration,positive,argument_from_sign,high levels of employment among refugees indicate successful integration policies,About 50 percent of the refugees get a job after five years in Australia.,0.8
SWE,2020,TUR,Turkey,competition,refugees,general_policy,negative,argument_ad_hominem,Jimmie Åkesson's actions are suspicious and indicate bad faith,Why does Jimmie Åkesson go to Turkey to incite refugees,0.8
SWE,2021,UKR,Ukraine,competition,general_migration,general_policy,negative,argument_from_sign,the situation in Ukraine has changed,Is the situation today in Ukraine worse than it was before or not?,0.7
SWE,2022,ESP,Spain,competition,economic_migrants,integration,neutral,argument_ad_hominem,the Minister for Economic Affairs has a bad motive or is incompetent,perhaps you can express yourself as the Minister for Economic Affairs did,0.8
POL,2017,SVK,Slovakia,learning_emulation_from,general_migration,general_policy,neutral,argument_from_analogy,Slovakia's presidency was similar to other presidencies with unexpected elements,Slovakia took the lead just after the referendum in the UK,0.8
POL,2019,UKR,Ukraine,learning_emulation_from,general_migration,general_policy,negative,none_or_unclear,,I don't know if you've been following what's going on between Hungary and Ukraine at the moment.,0.7
POL,2021,BLR,Belarus,learning_emulation_from,refugees,visas_mobility,negative,argument_ad_hominem,"the officers of the Belarusian KGB, internal troops, other special forces are involved in the operation","of the Belarusian KGB, internal troops, other special forces who coordinate this operation",0.8
POL,2022,ARM,Armenia,learning_emulation_from,general_migration,returns_deportation,neutral,none_or_unclear,,,0.8
POL,2022,SVK,Slovakia,learning_emulation_from,refugees,general_policy,negative,none_or_unclear,,,0.7
POL,2022,UKR,Ukraine,learning_emulation_from,general_migration,general_policy,positive,argument_from_practical_reasoning,the government wants to continue supporting Ukrainian citizens,helping Ukrainian citizens is still ongoing,0.8
BEL,2017,TUR,Turkey,exchange_cooperation,refugees,international_law,negative,argument_from_authority,Turkey is not respecting the fundamental principles of human rights,Turkey is not respecting the fundamental principles of human rights,0.8
BEL,2019,GBR,United Kingdom,exchange_cooperation,general_migration,general_policy,negative,none_or_unclear,,nothing is paid at Zeebrugge,0.7
BEL,2020,SYR,Syria,exchange_cooperation,refugees,integration,positive,argument_from_authority,the European Commission is a legitimate authority,the European Commission decided to increase its support,0.8
BEL,2021,MLI,Mali,exchange_cooperation,general_migration,general_policy,neutral,none_or_unclear,,,0.8
BEL,2021,ESP,Spain,exchange_cooperation,general_migration,returns_deportation,neutral,argument_from_authority,an agreement exists between countries,An agreement exists between Spain and Morocco,0.8
BEL,2022,MAR,Morocco,exchange_cooperation,general_migration,returns_deportation,positive,argument_from_authority,our country signed a historic agreement with Morocco,our country signed a historic agreement with Morocco,0.8
AUT,2015,TUR,Turkey,neutral_reporting,refugees,general_policy,neutral,argument_from_authority,the Council of Europe or members of the Parliamentary Assembly of the Council of Europe are legitimate sources,Council of Europe or members of the Parliamentary Assembly of the Council of Europe,0.8
AUT,2017,HRV,Croatia,neutral_reporting,general_migration,general_policy,neutral,argument_from_sign,people continue to migrate,people continue to simmer over Croatia,0.8
AUT,2018,ITA,Italy,neutral_reporting,general_migration,national_security,neutral,none_or_unclear,,"it is seen that Austria is not only bordering Hungary and Slovenia , but also Italy , Liechtenstein , Switzerland , Germany , the Czech Republic and the Slovak Republic",0.7
AUT,2020,GRC,Greece,neutral_reporting,refugees,integration,negative,argument_ad_hominem,he is still refusing an efficient increase in unemployment money,because he is still refusing an efficient increase in unemployment money,0.8
AUT,2020,ITA,Italy,neutral_reporting,general_migration,national_security,negative,argument_ad_hominem,Mr Erdoğan has the opportunity to extortion Europe,let hundreds of thousands into the EU,0.7
AUT,2022,AFG,Afghanistan,neutral_reporting,general_migration,general_policy,neutral,argument_from_sign,rising numbers indicate a broader trend,"Syria 10 964 , Afghanistan 6 033 ,",0.7
UKR,2017,DEU,Germany,competition,refugees,general_policy,negative,argument_ad_hominem,"Ukraine is a strategic partner for Europe, particularly for Germany","for Germany , in particular",0.8
UKR,2017,DEU,Germany,competition,refugees,national_security,negative,argument_from_cause_to_effect,"if it's not implemented, hundreds of millions of refugees from Africa will flee to Europe and, above all, Germany","if it's not implemented, hundreds of millions of refugees from Africa will flee to Europe and, above all, Germany",0.8
UKR,2020,USA,United States,competition,general_migration,general_policy,positive,argument_from_authority,international colleagues and the European Union are frank about the need for competition,from the United States,0.8
UKR,2021,RUS,Russia,competition,high_skilled_workers,border_control,negative,argument_from_cause_to_effect,closure of borders leads to lack of workers,for the closure of borders in Russia and Europe,0.8
ITA,2015,USA,United States,exchange_cooperation,general_migration,general_policy,positive,argument_from_analogy,the United States and Russia can find a moment of convergence,"together with NATO , a moment of convergence against the main enemy",0.7
ITA,2019,BIH,Bosnia and Herzegovina,exchange_cooperation,general_migration,national_security,neutral,argument_from_practical_reasoning,to regulate the extradition procedure,extends and facilitates the application of the Agreement,0.8
ITA,2019,TUR,Turkey,exchange_cooperation,refugees,general_policy,negative,argument_ad_hominem,Erdoğan is engaging in blackmail,that we have to make sure that Erdoğan stops with the blackmail,0.8
ITA,2020,ESP,Spain,exchange_cooperation,general_migration,border_control,neutral,argument_from_practical_reasoning,working together with other countries is effective,"the Government has worked as a border country with our Minister for Foreign Affairs a common line with Spain, Greece, Cyprus and Malta",0.8
ITA,2020,DEU,Germany,exchange_cooperation,students,general_policy,positive,argument_from_practical_reasoning,bilateral agreements have been beneficial,we celebrated the sixty-five years of the bilateral agreements,0.8
ITA,2022,UKR,Ukraine,exchange_cooperation,refugees,general_policy,negative,argument_from_sign,a massive influx of refugees is a sign of crisis,which currently has over 3.85 million people,0.8
CZE,2016,TUR,Turkey,exchange_cooperation,general_migration,international_law,neutral,argument_from_practical_reasoning,the agreement with Turkey is necessary for migration control,I would like to address the very agreement that has been made with Turkey,0.7
CZE,2016,TUR,Turkey,exchange_cooperation,general_migration,returns_deportation,negative,argument_ad_hominem,"you had your speech here after you returned, so I really consider it arrogance not to us","you had your speech here after you returned, so I really consider it arrogance not to us",0.8
CZE,2018,MLI,Mali,exchange_cooperation,general_migration,national_security,positive,argument_from_authority,the Minister and the UN in Mali spoke of,this is the training EUTM that the Minister and the UN in Mali spoke of,0.8
CZE,2019,SGP,Singapore,exchange_cooperation,refugees,allocation_of_resources,positive,argument_from_practical_reasoning,"to support Czech companies in expanding to Asian markets, fighting illegal migration, money for foreign development cooperation or helping people","fighting illegal migration , money for foreign development cooperation or helping people",0.8
CZE,2020,GRC,Greece,exchange_cooperation,general_migration,international_law,positive,argument_from_authority,leaders of the European Union provide support,Greece has received very strong support from both the leaders of the European Union,0.8
CZE,2022,AUT,Austria,exchange_cooperation,general_migration,border_control,positive,argument_from_practical_reasoning,to achieve a stronger external border,such as strengthening the external borders of Hungary,0.8
POL,2017,ITA,Italy,exchange_cooperation,general_migration,border_control,neutral,none_or_unclear,,"As regards data on the involvement of the Office in Foreign Affairs in 2016 , 40 staff took part in 62 support missions in Greece and Italy , including 40 experts took part in 62 support missions in Greece , Italy and the countries of South Europe .",0.8
POL,2019,DEU,Germany,exchange_cooperation,refugees,allocation_of_resources,positive,argument_from_analogy,Germany helped Polish institutions during Nazi terror,"Polish diplomatic institutions , Polish Institute , Polish schools and organizations could freely operate in Hungary",0.7
POL,2021,DEU,Germany,exchange_cooperation,general_migration,border_control,neutral,argument_from_sign,large number of migrants indicates systemic issues,which recorded between 700 and 1 000 500 citizens,0.8
