source,target,n,rule_based_label,positioning,confidence,rationale,evidence_span
NLD,TUR,1255,exchange_cooperation,object_of_pressure,0.8,"The mentions consistently frame Turkey as a target of pressure, such as in the context of refugee policies and agreements. Phrases like 'put pressure on Turkey' and references to 'Turkey agreements' indicate a coercive relationship.","[""If we continue to put pressure on Turkey"", ""In the meantime, learning, as we have seen in the Turkey agreements, that some things do work and some things do not, we will try to make this kind of agreement at European level.""]"
GRC,TUR,997,exchange_cooperation,object_of_pressure,0.8,"The mentions frequently refer to Turkey as a party that needs to adhere to agreements (e.g., 'Europe-Turkey agreement', 'joint declaration by the European Union-Turkey') and is expected to take specific actions (e.g., 'immediately move on to the internationalisation of the problem'). This suggests that Greece is exerting pressure on Turkey to comply with certain policies.","[""the Europe-Turkey agreement falls"", ""take the necessary steps to convene the Council of Political Heads of State"", ""on the basis of the joint declaration by the European Union-Turkey""]"
BEL,TUR,598,exchange_cooperation,cooperation_partner,0.8,"The mentions indicate a cooperative relationship, particularly through agreements and mutual support. For example, the readmission agreement and the emphasis on European solidarity suggest a partnership.","[""For several years, we have had a readmission agreement with Turkey, which is working well."", ""Without being naive towards Turkey and Mr Erdogan, we want to make it clear that it is important for us that reception can take place on the ground, as it has been since 2016."", ""For me, the deal is also a symbol of European solidarity with Turkey, a country that receives the largest number of refugees in the world.""]"
SWE,TUR,543,exchange_cooperation,object_of_pressure,0.8,"The mentions frequently frame Turkey as a target of criticism and pressure from the Swedish parliament. Phrases such as 'blackmailing the European Union', 'demands the EU should make', and 'dependent on Turkey' indicate that Sweden views Turkey as a coercive actor requiring response and action.","[""[2018] ... I would like to ask Mrs Wallström the following : what of the demands you set out in the foreign policy declaration do you think the EU should make to stop the silent legitimisation of Turkey's illegal actions ? ..."", ""[2020] ... This means , in practice , that Turkey is blackmailing the European Union ..."", ""[2020] ... I think that what is happening in Turkey now shows that the European Union has had a wrong strategy when it has become dependent on Turkey ..."", ""[2022] ... The EU has not dared to act against Turkey for fear that Erdogan would denounce the shameful agreement and prevent refugees from moving from Turkey to Europe ...""]"
CZE,TUR,388,exchange_cooperation,cooperation_partner,0.9,The mentions consistently frame Turkey as a partner for cooperation on issues such as refugee management and EU-Turkey agreements. The speaker emphasizes the need to work together to address migration and other challenges.,"[""[2016] ... The European Union has agreed within the framework of the Agreement that, after 2018, after the current aid for refugees in Turkey has been exhausted, this assistance will continue for refugees in Turkey. ..."", ""[2016] ... I must say that the key to concluding this agreement was to find some way to cooperate with Turkey so that we could stop the illegal migration that was going from Turkey to Europe. ..."", ""[2016] ... And I think that Turkey must also be interested in making this agreement work, because Turkey is not interested in more and more refugees constantly coming to it, who will try to get to Europe through Turkey. ...""]"
TUR,SYR,359,coercion_intervention_to,object_of_pressure,0.8,"The mentions consistently frame Turkey as needing to take action in Syria, often under the implication of pressure or coercion. Phrases such as 'should contribute', 'should adopt this policy', and 'should take a peaceful, democratic solution' indicate that Turkey is being told what to do regarding Syria.","[""[2016] The government of the Republic of Turkey is not primarily responsible for looking at events in Syria ; it should contribute to political developments here as an intervention , allowing a large part of Syria to return to its country with its relief ."", ""[2019] Of course , we do n't tolerate the abuse of millions of people who need our nation 's hospitality , but let 's have a terror state in the north of Syria . If there 's going to be population engineering , we wo n't stand by and watch ."", ""[2020] Without cause of further death , we say that Turkey should take a peaceful , democratic solution in Syria , and as HDP , we say that it should adopt this policy and withdraw from Syria .""]"
POL,UKR,357,coercion_intervention_to,object_of_pressure,0.8,"The mentions frequently refer to economic impacts and losses due to activities in Ukraine, indicating a focus on the negative consequences of the situation in Ukraine. This suggests the speaker parliament is framing Ukraine as a target of pressure or concern.","[""2022: Fourthly, the extension of PIT and CIT costs of obtaining revenue with losses arising from the period from 24 February to the end of December of this year, as a result of the liquidation of the non-fully decommitted fixed assets, if these measures have lost economic viability, for example."", ""2022: E.g. excluding, in addition to Polish citizens, also citizens of the European Union from a group of persons who may be subject to special regulations; adapting the provisions of the Act to a situation where direct entry into the territory of the Republic of Poland from the territory of Ukraine is""]"
NLD,GRC,325,exchange_cooperation,cooperation_partner,0.8,"The mentions indicate that the Netherlands (NLD) provided official assistance to Greece, suggesting a cooperative relationship. The speaker also discusses the need for EU supervision and aid for Greece, further indicating a partnership for joint action.","[""We also provided official assistance from the Netherlands to at least assist Greece in the question of how to obtain the funds from Brussels in Greece, so that the money can also be spent there."", ""I mentioned earlier that I share Mr Voordewind's concerns about the asylum system in Greece, that there is EU money available for it and that that EU money also requires primary EU supervision.""]"
CZE,UKR,321,learning_emulation_from,cooperation_partner,0.85,"The mentions discuss practical aid and support for refugees from Ukraine, indicating a cooperative relationship. The speaker acknowledges and thanks other members for substantive debate and mentions specific actions taken by the government in response to pressure from other parties, suggesting a collaborative approach.","[""[2022] ... aid to refugees from Ukraine is taking place at this point ..."", ""[2022] ... the Fialův Government ... responds in fact to the great pressure from the SPD and to our comments and criticism ..."", ""[2022] ... the SPD movement is the only party that says - the only party in the House ..."", ""[2022] ... And here is the moment to resolve the issue of children of these refugees ..."", ""[2022] ... Therefore, if we are unable to deal with the asylum system, there must be another instrument, and this is lex Ukraine, which individual Member States of the European Union have started to apply after some agreement.""]"
BGR,TUR,318,coercion_intervention_to,object_of_pressure,0.85,"The mentions consistently frame Turkey as a source of migratory pressure and a potential buffer zone, indicating a need for Bulgaria to manage or control Turkey's actions. This is evident in phrases like 'limiting the real universal threat of a migratory flood' and 'migratory pressure on our border with Turkey'.","[""[2016] ... The patriotic front will exercise continuous parliamentary control over the process of building the defence facility along the border with the Republic of Turkey as a main means of limiting the real universal threat of a migratory flood ..."", ""[2018] ... He referred to Turkey's opposition to allow monitoring of the funds spent as a disadvantage of the Agreement ..."", ""[2019] ... Again, at this stage, the migratory pressure on our border with Turkey and with Greece is within normal limits and we are dealing with this problem ..."", ""[2021] ... At the high state level, as we hear and monitor the media, the statements of the Turkish government are that there are already a large number of migrants on its territory and, rudely speaking, applications at political level that Turkey will not become a buffer zone and take care of all these mi...""]"
SVN,AUT,313,learning_emulation_from,model_to_emulate,0.9,"The speaker frequently refers to Austria as a positive example, suggesting Slovenia should emulate its practices, particularly in areas such as tax policies and language requirements for workers.","[""Following an example already shown in some way by Slovenia and Austria"", ""this is no longer the case, let us not count how many attempts we have had in New Slovenia, how many proposals, including the urgent meetings of the competent committees, to solve once and for all the problems of migrant workers working in Austria"", ""Only because the tax burdens in Slovenia are higher than in Austria and FURS requires payment of the difference between what workers working in Austria have paid in Austria and what they have to pay in Slovenia"", ""If the income scale in Slovenia were the same as in Austria, then migrants working in Austria would not have to pay an additional tax in Slovenia"", ""I have also told you that no one who goes to Austria to work or Italy thinks of not being able to speak either Austrian or German or Italian""]"
NOR,GRC,296,learning_emulation_from,cooperation_partner,0.85,"The mentions indicate that Norway is learning from and cooperating with Greece on issues related to asylum seekers and the management of the refugee crisis. This is evident from phrases such as 'helping to improve the situation in the camps' and 'supporting the resolution of proposal No. 67', which suggest a collaborative effort.","[""We therefore also have an additional responsibility to help resolve the situation, both by helping to improve the situation in the camps and by helping to build up the asylum system in Greece"", ""we assume that if this proposal is adopted, the asylum seekers from Greece will be vulnerable persons who are likely to be entitled to protection in Norway"", ""But what we are now discussing is that Greece has become responsible for a great many asylum seekers""]"
NLD,SYR,292,learning_emulation_from,neutral_reference,0.8,"The mentions of Syria (SYR) in the context provided are primarily used to discuss refugee situations, safety conditions, and policies regarding returns. There is no clear positive or negative framing of Syria, nor is it presented as a partner or an object of pressure. The focus is on factual discussions and policy considerations.","[""Because parts of Syria are safe."", ""If the people from Jordan voluntarily return to Syria, which they really would not do if it were unsafe, you cannot tell me that we cannot send back those 80,000 people in the Netherlands who fill those 50,000 homes."", ""For example, we do not automatically send people back to Syria.""]"
ITA,LBY,273,coercion_intervention_to,object_of_pressure,0.8,"The mentions consistently frame Libya as a target for Italy's actions, such as stabilizing the situation, assuming responsibilities, and countering threats. The language used indicates that Italy is exerting pressure on Libya to achieve certain outcomes.","[""We know that , until the situation in Libya has stabilised , we will have to deal with all the issues that we are talking about in this debate."", ""It is necessary , therefore , to continue the commitment to a full assumption of own responsibilities by the Countries of the area of North Africa ( Libya and Tunisia first ) in the operations of rescue carried out in the areas SAR of their competence."", ""A stable and united Libya is a prerequisite for us to counter the terrorist threat , prevent illegal migration flows and protect our energy interests.""]"
BEL,GRC,262,learning_emulation_from,cooperation_partner,0.85,The mentions indicate that Belgium (BEL) is working bilaterally with Greece (GRC) on issues such as refugee accommodation and support. This suggests a cooperative relationship rather than emulation or pressure.,"[""[2021] ... If each country works bilaterally with Greece, we will not have a good organization of goods to meet Greece's needs. ..."", ""[2021] ... People have always been made available by the DVZ and Fedasil to help in Greece or Italy, for example. ...""]"
SVN,HRV,257,learning_emulation_from,cooperation_partner,0.85,"The speaker parliament frequently mentions Croatia in the context of cooperation, particularly regarding the return of migrants and educational opportunities. This indicates a positive and cooperative relationship.","[""[2019] ... cooperation with the Republic of Croatia is carried out properly ..."", ""[2019] ... Cooperation with Croatia, as regards the return of people to Croatia, is going well."", ""[2021] ... due to the proximity of the border with Croatia, could attract students from the former Yugoslavia and have a beneficial impact on the education structure of the Lower Roma.""]"
NOR,AFG,252,coercion_intervention_to,object_of_pressure,0.8,"The mentions consistently frame Afghanistan as a target of action or assessment, particularly in the context of potential returns and assessments of safety, which indicates a position of pressure or coercion.","[""[2018] The fact that today in the vote we are proposing to set up an expert committee to conduct an open assessment on return to Afghanistan"", ""[2019] The government is asking the Government to put an immediate stop to all forced return of asylum seekers to Afghanistan""]"
BEL,SYR,246,learning_emulation_from,object_of_pressure,0.8,"The mentions often refer to the difficult situation in Syria and the challenges related to refugees, implying pressure on the country to address these issues. There is also a mention of cooperation with a 'dictator' regarding Syria, suggesting a coercive stance.","[""fate of the children of people who have left for Syria"", ""reducing the right of residence of 94 people and sending them back effectively, which requires cooperation with a certain dictator"", ""80 % of those questioned know Syrians who had to flee Syria a second time after they were returned""]"
FIN,IRQ,245,exchange_cooperation,cooperation_partner,0.8,The mentions indicate ongoing negotiations and cooperation between Finland and Iraq on issues such as the return of asylum seekers and working agreements with the government. The speaker frames these interactions as positive and collaborative efforts.,"[""[2018] This is the subject of ongoing negotiations, in particular with Iraq, where most of the target persons come from, and the work is being done in good agreement with the government and also with the whole of Parliament."", ""[2019] With regard to this so-called forced return debate or the illegal return of Iraqi asylum seekers in Finland to Iraq, this negotiation between the Finnish Government and Iraq has already begun during the last parliamentary term on how we could intensify the return of these people to Iraq.""]"
BEL,GBR,243,learning_emulation_from,cooperation_partner,0.9,"The mentions emphasize cooperative efforts and financial support between BEL and GBR, indicating a partnership rather than emulation or pressure.","[""agreements were reached on further operational cooperation"", ""There is very good cooperation between Belgium and the United Kingdom""]"
FIN,SWE,232,learning_emulation_from,model_to_emulate,0.85,"The speaker frequently refers to Sweden as a positive example, highlighting its better employment rates, higher immigrant employment, and successful integration policies. The language used suggests emulation and learning from Sweden’s practices.","[""[2019] We were visiting Stockholm with the Committee on Labour and Equal Opportunities, and they wondered why Sweden had a better employment rate and, yes, it was there that family leave appeared, especially for young women, then there was a much higher employment rate for immigrants, and where Sweden did..."", ""[2021] I would like to return to that previous speech by Mr Kiljunen, who spoke about migration from Finland to the USA and Sweden, that they were also born in their way in need of these societies.""]"
NLD,GBR,229,exchange_cooperation,cooperation_partner,0.85,"The mentions emphasize cooperation and mutual benefits, such as student exchanges and agreements on future relations. The discourse focuses on positive interactions and shared goals, indicating a cooperative partnership.","[""[2020] It states : 'The Union and the United Kingdom agree that prosperity and security are enhanced by the embrace of free and fair trade, the defence of individual rights and the rule of law, the protection of workers, consumers and the environment, and by addressing internal or external threats to'"", ""[2020] Should the EU and the UK agree on future relations, this law will not enter into force.""]"
EST,UKR,222,learning_emulation_from,object_of_pressure,0.8,"The mentions frequently refer to Ukraine in the context of a war and its consequences, often expressing concern and calling for support and assistance. This suggests Ukraine is being positioned as a target of pressure and attention rather than a positive model or partner.","[""The war in Ukraine has put Moldova , for example , in a fragile situation ."", ""We want those children and families who have reached Estonia to feel good about themselves in Estonia and to be able to cope in Estonian society as long as they can return to their homes , back to Ukraine ."", ""It is clear that there are people in Ukraine , especially in the areas of Eastern Ukraine , who have either not been able to leave the country or who are trying to organise their lives on the ground yet , but if Russia , knowingly , completely deliberately , continues to destroy , destroy , destroy""]"
SWE,AFG,220,coercion_intervention_to,object_of_pressure,0.85,"The mentions frequently refer to potential actions against Afghanistan, such as tearing down agreements and recovering debts, indicating a position of pressure. However, there are also instances where Afghanistan is described as important for maintaining relations and providing consular assistance, which introduces a more cooperative element.","[""We can tear down the readmission agreement with Afghanistan."", ""If the Moderates think it's important to return, I wonder why you didn't sign agreements with Afghanistan."", ""This means that the Central Board of Student Aid, CSN, will have to recover this debt from abroad, probably then from Afghanistan.""]"
ESP,MAR,202,coercion_intervention_to,cooperation_partner,0.85,"The mentions highlight Morocco as a strategic partner in trade, immigration, and security cooperation. The speaker emphasizes the importance of compliance with international agreements and the need for cooperation in matters related to migrant workers and security policies.","[""[2022] I would like to remind you that Morocco is the third country outside the European Union in trade relations with Spain, which is indeed a strategic partner not only in immigration but also in the fight against terrorism and therefore fully enters into security.""]"
BEL,NLD,193,learning_emulation_from,model_to_emulate,0.85,"The mentions frequently highlight Belgium emulating policies from the Netherlands, such as asylum procedures and migration service agreements. This indicates a positive reference where the speaker parliament views the Netherlands as a model to follow.","[""These agreements are operated not only in Belgium but also in France, the Netherlands, Norway, Germany, Sweden and Italy."", ""In the Netherlands, an asylum application must be answered within a certain time limit."", ""In October 2021, Belgium, the Netherlands and Luxembourg reached an agreement to significantly shorten the response period between the different migration services.""]"
EST,RUS,193,learning_emulation_from,object_of_pressure,0.85,"The mentions consistently frame Russia as a threat or a source of problems for Estonia, particularly regarding citizenship and the potential loss of Estonian citizens to Russian citizenship. The speaker emphasizes actions against Russia, such as preserving Estonian citizenship for those fighting against it in Ukraine.","[""2021: We saw these threats in 1993 when it was intended to create the autonomy of north-east Estonia, which was actually aimed at shifting it into the grip of St Petersburg and Russia."", ""2022: This change allows for example the preservation of Estonian citizenship by naturalisation for those persons who have acquired Estonian citizenship and who are fighting against the Russian Federation in Ukraine.""]"
NOR,SYR,187,learning_emulation_from,object_of_pressure,0.7,"The mentions often discuss the need for action regarding Syria, such as stopping exports to Turkey due to its involvement in Syria, or ensuring that Syrian refugees can come to Norway. This indicates that Syria is being framed as a target of pressure or demand.","[""The case concerns a three-part proposal from the representative of the Björn Moxnes of the Red Party, requesting that the Stortinget stop the export of Norwegian defence equipment to Turkey, urges the Turkish Government to withdraw its military forces from Syria and increase humanitarian aid to"", ""In this case, it is proposed that the government be asked to ensure that Norwegian children and women living in detention camps in Syria can come to Norway as soon as possible.""]"
NLD,DEU,184,learning_emulation_from,cooperation_partner,0.85,"The mentions frequently refer to Germany in the context of close contacts and agreements, indicating a cooperative relationship. Examples include references to being part of the 'Franco-German axis' and discussions about travel procedures that involve Germany.","[""close contact with France and Germany"", ""agreement between Germany, France, Italy and Malta"", ""travel one more time to Germany or the Netherlands""]"
NLD,MAR,180,learning_emulation_from,object_of_pressure,0.85,"The mentions indicate that Morocco is often discussed in terms of cooperation and pressure, such as needing its cooperation for returning asylum seekers and ensuring it participates in pacts. The phrase 'if we want to send back people from Morocco' suggests a position of power over Morocco.","[""If we want to send back people from Morocco who apply for asylum but are not entitled to do so and cause a great deal of nuisance and sometimes even criminal offences, then we must have Morocco's cooperation."", ""We must ensure that the countries of origin cooperate, for example Morocco, Tunisia and Algeria.""]"
BEL,ITA,180,learning_emulation_from,cooperation_partner,0.85,"The mentions indicate that Italy is often discussed in the context of joint actions and agreements, such as the Malta agreement, which suggests a cooperative relationship. The speaker parliament frequently references Italy as part of a collective effort rather than as an adversary or a model to emulate.","[""This agreement is the result of a German - French initiative for a voluntary and temporary distribution mechanism for the spread of migrants picked up in the Mediterranean and landed in Italy and Malta"", ""The Malta agreement is not yet operational , but it provides for a spread , so that a number of countries , such as Italy and Greece , are relieved of their burden and should not assume the full burden of processing the asylum procedure""]"
GRC,USA,179,learning_emulation_from,object_of_pressure,0.8,"The mentions often frame the USA in a negative light, such as being against agreements or having negative impacts on Greece. This suggests the USA is portrayed as a target of criticism rather than a positive model to emulate.","[""[2020] Let us not forget that this agreement has been condemned by the European Union , by the United States , Russia , by all the Mediterranean countries ."", ""[2021] This partnership is an attempt by European monopolies to promote their positions in an area which is very strong in the dominance of the United States of America , and in recent years there have been corresponding attempts to infiltrate China ."", ""[2022] That you were missing during the attempted invasion of Evros , that you are not yet sure that the sea has borders , that ' immigrants have taken ' , that you voted against the defensive agreement with France and you have already announced that you will also vote against the US agreement ?""]"
HRV,UKR,178,learning_emulation_from,model_to_emulate,0.9,"The speaker frequently refers to the situation in Ukraine and the actions taken by the Croatian government in response, suggesting emulation of the UKR's handling of the crisis.","[""Of course , as a consequence of the Implementing Decision establishing the existence of a mass inflow of displaced persons from Ukraine that the EU Council made on 4 March , and on this basis , our government has adopted a decision already on 7 March to introduce temporary protection in the Republic"", ""If we need to expand it , we have enough capacity , but of course we all hope that there will be no need and that the war in Ukraine will end as soon as possible and that people will return to their homes.""]"
SVN,DEU,173,learning_emulation_from,model_to_emulate,0.9,"The speaker frequently refers to Germany as a positive example, suggesting that the country’s policies and actions should be emulated. Phrases such as 'similar to what we are taking today' and 'equipped with certain information on how they should behave' indicate a desire to follow Germany’s approach.","[""[2017] ...Austria , Germany , Denmark are similar to what we are taking today... "", ""[2021] ...Even more, equipped with certain information on how they should behave in order to reach the desired goal, is the right work, for example, in Germany... ""]"
BEL,LBY,171,exchange_cooperation,object_of_pressure,0.85,"The mentions frequently frame Libya as a target for international sanctions and intervention, indicating that it is being pressured to change its policies regarding migration and human rights. This aligns with the 'object_of_pressure' category.","[""call for international sanctions if Libyan justice does not prevail"", ""demand for an EU humanitarian intervention in Libya"", ""agreement between Italy and Libya has sent people back to Libya, exposing them to horrific sufferings""]"
SWE,SYR,169,learning_emulation_from,object_of_pressure,0.7,"The mentions often frame Syria in a negative light, comparing it unfavorably to other conflict zones like Afghanistan and Eritrea. The speaker emphasizes the challenges and dangers associated with fleeing to Syria, suggesting a critical stance towards the country.","[""While developments in countries such as Syria and Libya have received great attention in Sweden and the rest of the EU, the regime's gross and widespread abuse in Bahrain has met with silence."", ""You probably need to do a lot with Sweden to make it worse than the world's most dangerous country Afghanistan, war-torn Syria or oppression is the regime's Eritrea.""]"
NOR,TUR,167,exchange_cooperation,cooperation_partner,0.85,"The mentions consistently frame Turkey as a partner in cooperative efforts, such as the EU-Turkey work plan and the EU-Turkey agreement on migration. The speaker parliament emphasizes solidarity and shared responsibility with Turkey in managing migration patterns and refugee situations.","[""[2016] The EU - Turkey work plan could potentially lead to major changes in the migration pattern"", ""[2020] In this cooperation there is also clear solidarity with Turkey, which has received almost four million refugees"", ""[2020] We in Norway too have our share of responsibility for the heartbreaking and terrible situation in the refugee camps in the Greek islands, because we are also part of the EU - Turkey agreement""]"
CZE,DEU,166,learning_emulation_from,object_of_pressure,0.85,"The mentions frequently frame Germany as a source of unwanted migration and pressure, indicating that the Czech Republic is trying to prevent or manage the influx of migrants from Germany. This is evident in phrases such as 'protect the Czech Republic from the arrival of migrants from the south and at the same time from the arrival of unsuccessful asylum seekers from Germany' and 'if the Němec succeed in achieving the perfect security of the border, as they promise, as the pressure is on in Germany, and we will have migrants coming back in thousands.'","[""we must protect the Czech Republic from the arrival of migrants from the south and at the same time from the arrival of unsuccessful asylum seekers from Germany"", ""our doctors and nurses are going to Austria and Germany, but this global migration movement does not stop there"", ""we need to stop funding for migration agencies, non-profit organisations, various other units, whether within the European Union, within national states or private entities, semi-private entities, because as long as there are social benefits in Germany at the end of the migrant journey, which"", ""they will return them and those illegal migrants who have 30 days to leave the Czech Republic - we cannot expel them - return to Germany again because they really do not want to come to us"", ""if the Němec succeed in achieving the perfect security of the border, as they promise, as the pressure is on in Germany, and we will have migrants coming back in thousands in the framework of the Readmission Agreement""]"
POL,GBR,165,learning_emulation_from,model_to_emulate,0.8,"The speaker frequently refers to the United Kingdom (GBR) as a source of inspiration or a model to emulate, particularly in the context of legal and administrative matters. This is evident in phrases such as 'you introduced this law' and discussions about improving administrative proceedings.","[""[2020] In order to improve the quality of administrative proceedings, you introduced this law, which was intended to concern the entry and residence of citizens of the United Kingdom of Great Britain, many other regulations, as always, because this is done by the way.""]"
BEL,SDN,164,learning_emulation_from,neutral_reference,0.8,"The mentions of Sudan (SDN) in the context provided are primarily factual and do not indicate a positive or negative stance towards the country. The speaker parliament refers to Sudan in a matter-of-fact manner, discussing travel documents, return policies, and reports without expressing emulation, warning, partnership, or pressure.","[""[2017] As far as Sudan is concerned, I refer to the Prime Minister's reply."", ""[2018] The following Member States shall participate specifically for Sudan: Austria, Belgium, the Netherlands, Denmark, Finland, France, Germany, Greece, Italy, Luxembourg, Malta, Norway, Spain, Romania, Sweden, the United Kingdom and Switzerland."", ""[2018] As the CGRA indicates in the current report to which you refer, there is no general problem with the return to Sudan and the risk of a violation of Article 3 of the ECHR is examined on a case-by-case basis.""]"
CZE,GRC,162,coercion_intervention_to,object_of_pressure,0.8,"The mentions consistently frame Greece as a target for action, such as insisting on fulfilling commitments, dealing with illegal migration, and protecting borders. This indicates that Greece is being pressured into certain actions.","[""To insist that Turkey fulfil its commitments, as Europe should fulfil its part of the agreement, to help Greece, to conclude a Balkan route for illegal migration."", ""V4 made it clear that we should protect the border and prevent illegal migration, so they are finally implementing it in Greece.""]"
BEL,MAR,161,exchange_cooperation,cooperation_partner,0.85,"The mentions primarily focus on cooperation and agreements between the two countries, such as the historic agreement on return cooperation and efforts to stabilize neighboring countries. This indicates a cooperative relationship rather than a negative or neutral stance.","[""[2021] These arrivals would be due to a relaxation of the surveillance of the coasts on the Moroccan side, Morocco probably seeking to put Spain under pressure to obtain political advantages in other cases."", ""[2022] If we can stabilise those countries and ensure that people in Libya, Morocco, Egypt or anywhere else can develop a stable life, it will also benefit the EU.""]"
NOR,RUS,155,coercion_intervention_to,object_of_pressure,0.9,"The mentions frequently refer to Norway taking actions in response to Russia, such as monitoring the border and coordinating sanctions. This indicates that Norway views Russia as a target of pressure rather than a partner or someone to emulate.","[""[2022] In a short time, they coordinated sanctions against Russia, not only among their own members, but also with other international partners.""]"
HUN,DEU,154,learning_emulation_from,model_to_emulate,0.8,"The speaker frequently refers to Germany as a source of examples or standards, suggesting emulation. For instance, mentioning that German ministers are discussing the need for reform and citing German calculations on immigration costs indicates a positive stance towards Germany as a model.","[""The ministers of justice in Germany, France, Italy and England are constantly saying that the institution is creaking and creaking, and the whole thing needs to be rethinking."", ""I have already done the calculations of this in Germany, and they themselves say that the provision of a single immigrant costs more than 700 thousand forints in euros.""]"
CZE,HUN,152,learning_emulation_from,model_to_emulate,0.8,"The speaker frequently refers to Hungary (HUN) as a model to emulate, particularly in the context of immigration policies. Phrases such as 'clear rejection of immigration quotas following the model of Slovakia or Hungary' indicate that Hungary is seen as a positive example.","[""Secondly, of course, clear rejection of immigration quotas following the model of Slovakia or Hungary.""]"
NLD,ITA,150,learning_emulation_from,cooperation_partner,0.9,"The speaker frequently mentions Italy in the context of close cooperation and border control issues, indicating a bilateral partnership.","[""[2016] ... I 'm working closely with Italy right now ..."", ""[2018] ... we wonder how we can ensure that this pressure is not only applied to Italy and Spain ..."", ""[2018] ... cooperation with Italy and sending people back to Italy ..."", ""[2021] ... people come in there, walk through to the Netherlands and report here ... Yes, sorry, we have a really big problem with that.""]"
AUT,TUR,149,exchange_cooperation,object_of_pressure,0.85,"The mentions frequently refer to Turkey as a source of migration pressure on Greece, implying that Turkey is a target of pressure or management efforts. For instance, the speaker discusses the need to deal with migrants coming from Turkey and criticizes the EU-Turkey deal, suggesting a coercive relationship.","[""Otherwise , if a million people , like last year or perhaps even two million or more , are self - employed across Turkey and come to Greece , we would have to deal with all this in Greece without being able to influence neighbors without any influence in the matter of departure , without the possibi"", ""The volatile situation in Turkey and instability in Iran , Syria and Afghanistan lead to increased migration pressure in Greece."", ""Well , that 's exciting , because we know that this EU - Turkey deal does not work , that it costs the EU billions , that Erdoğan uses it as a threat scene and as a fist - powder , and at any time can open up the border , as he has already done , ladies and gentlemen!""]"
HRV,GBR,147,learning_emulation_from,model_to_emulate,0.85,"The speaker frequently refers to the United Kingdom (GBR) as a source of solutions and agreements, suggesting emulation. Phrases such as 'we will follow as is said here' and 'we have given the best possible solution' indicate that the UK is held up as a positive example.","[""[2019] ... we think that in these transitional provisions we have given the best possible solution, we will follow as is said here ..."", ""[2021] ... precisely because of the fact that we have agreed to the withdrawing agreement that those citizens who have had an orderly stay in the UK, EU citizens and vice versa, UK citizens in the Member States, and so on in Croatia, will cont...""]"
BEL,DEU,147,learning_emulation_from,model_to_emulate,0.85,"The speaker frequently refers to Germany as a positive example, suggesting that other countries should emulate its policies, particularly in areas such as migration and asylum.","[""What other European countries send Afghan rejected asylum seekers back through these Joint Way Forward on Migration issues except Germany , Norway , Austria and Sweden ?"", ""If you are the mini-Merkel , including in the area of family reunification , you may , for my part , literally adopt the legislation of Germany , which is : quotas every month , for asylum and family reunification , and d'office no longer family reunification under subsidiary protection ."", ""He refers to Germany , which wants to suspend family reunification for people who have received subsidiary protection for 24 months ."", ""The analysis they make is shared by the same professionals in Germany , the Netherlands and now in France ."", ""You say that in Germany it is about suspending the feasibility of the order to leave the territory .""]"
NLD,LBY,144,exchange_cooperation,cooperation_partner,0.8,"The mentions primarily focus on cooperation between the Netherlands and Libya, particularly regarding migration and human rights issues. The speaker discusses working together with Libya on monitoring reports and coastguard operations, indicating a cooperative relationship.","[""[2017] Does the D66 group therefore believe that UNHCR should cooperate with such a Libya package if it is to be able to obtain the approval of D66?"", ""[2018] Imagine that such a monitoring report shows that there is indeed human rights violations, as we now hear about Turkey through Human Rights Watch and as we have heard from many organisations about Libya."", ""[2021] Frontex also cooperates with Libya and people are sent back to Libya, where it is dangerous, says Mr Van Dijk.""]"
BEL,UKR,142,learning_emulation_from,model_to_emulate,0.85,"The speaker frequently refers to the situation in Ukraine and discusses measures taken there, suggesting that Belgium should emulate these actions. For example, the mention of providing legal frameworks, psychological support, and ensuring dignified treatment for refugees from Ukraine indicates a positive emulation of the UKR's approach.","[""Since the beginning of the conflict in Ukraine, we have seen a very rapid increase in the number of people from Ukraine present at the Klein Kastiltje."", ""You can ensure that all people with a residence status in Ukraine in Belgium can be treated with dignity."", ""Following the war in Ukraine, these refugees also have access to psychological support and it was decided to make the intercultural mediators available via videoconference, both for psychological care in the first line and for the mobile teams of the networks mental health care.""]"
PRT,TUR,141,exchange_cooperation,object_of_pressure,0.8,"The mentions often frame Turkey as a target of criticism and concern, particularly regarding its treatment of refugees and Kurds. Phrases like 'terrorize more than 100,000 Kurds' and 'inhuman, selective and exploitative character of the European Union's policy for migration' indicate a negative stance towards Turkey's actions.","[""violation of rights enshrined in the UN Charter"", ""terrorize more than 100,000 Kurds"", ""inhuman, selective and exploitative character of the European Union's policy for migration""]"
BIH,GBR,140,learning_emulation_from,model_to_emulate,0.8,"The mentions frequently refer to the adoption of minutes and decisions from the Parliamentary House of BiH, suggesting an emulation of practices from other countries, likely the UK given the context of the speaker parliament being BiH.","[""Agenda 1 . The adoption of the minutes of the 14th session of the Parliamentary House of BiH"", ""Agenda 1 . The adoption of the minutes from the 17th session of the Parliamentary Assembly of BiH's House of Representatives""]"
BEL,AFG,136,coercion_intervention_to,object_of_pressure,0.85,"The mentions frequently discuss Afghanistan in terms of challenges and concerns, particularly regarding asylum, unaccompanied minors, and forced returns. The language suggests Belgium is addressing issues related to Afghanistan and possibly pressuring or providing guidance on how to handle the situation.","[""discussed Afghanistan specifically"", ""highlighted the challenges of asylum, unaccompanied minors and return"", ""I am very concerned about this, especially because you say that this regime in Afghanistan will not allow for forced return""]"
CZE,SYR,135,learning_emulation_from,neutral_reference,0.8,"The mentions of Syria (SYR) in the context provided are primarily related to discussions about migration, refugees, and the European Union's strategy. There is no clear positive or negative framing, nor is there any indication of cooperation or pressure. The focus seems to be on factual information and policy discussions rather than a normative stance.","[""I would have asked the Minister if, during the negotiations which he attended in the European Parliament in Brussels, this issue is not only that the main migration wave currently in Syria, whether this is at all taken into account, whether these undisputable quotas are being taken into account"", ""If the BIS report, which has been published, talks about some persons leaving the Czech Republic for Syria probably fighting in the ranks of the Islamic State, it is not the citizens of the Czech Republic"", ""Another vote took place on the same day, in which the European Parliament adopted a resolution on the European Union's strategy in Syria"", ""And can you also explain why government MEPs, ČSSD, YES and KDU - ČSL voted on 18 May this year for mandatory quotas for the Czech Republic to receive so-called refugees from Syria?"", ""Of course, the entrance to Syria generates other refugees, another refugee wave, which therefore rises and goes on to Europe.""]"
AUT,DEU,135,learning_emulation_from,cooperation_partner,0.8,"The mentions indicate ongoing discussions and reforms where Austria and Germany collaborate, such as recognizing professional licenses and discussing euro area reforms. This suggests a cooperative relationship rather than emulation or pressure.","[""In fact, we have always demanded that what makes you professional in Germany, for example, be recognized for a commercial license in Austria."", ""Today, there are also two important points on the agenda, namely the Brexit negotiations and the second proposals by Germany and France on the reform of the euro area.""]"
POL,BLR,130,coercion_intervention_to,object_of_pressure,0.85,"The mentions consistently frame Belarus as a target of pressure and coercion, particularly in the context of migration policies and economic measures. Phrases such as 'pressure Belarus' and 'brutally exploited by Belarus' indicate a coercive relationship.","[""It must be clear that refugees, immigrants cynically deceived and brutally exploited by Belarus are here a victim."", ""It has become clear that our allies from NATO and the European Union are beginning to pressure Belarus themselves, for which they are criticized by the Polish President, although this already has positive results.""]"
ESP,TUR,128,exchange_cooperation,cooperation_partner,0.8,"The mentions indicate a cooperative relationship, such as providing financial support ('3 billion euros to Turkey') and discussing dialogue and negotiations ('negotiating mandate approved by the Member States'). These suggest that Turkey is seen as a partner in addressing migration issues.","[""[2016] ... You have put a price on human lives : 3 billion euros to Turkey ..."", ""[2016] ... We propose a series of measures, in particular 25: to restore the possibility of applying for asylum in all the Spanish embassies and consulates; the relocation and immediate resettlement of the 17,000 refugees committed by Spain; ..."", ""[2018] ... I would remind you that the negotiating mandate approved by the Member States allows Brussels to open dialogues on behalf of the Union with eight countries: Algeria, Egypt, Israel, Jordan, Lebanon, Morocco, Tunisia and Turkey. ...""]"
HRV,DEU,126,learning_emulation_from,warning_case,0.8,"The mentions often refer to negative outcomes associated with the mentioned country (Germany), such as the influx of refugees and economic issues. The speaker seems to caution against following Germany's example.","[""And if the Afghans were worse than they were, and that's what I'm saying again, in 2000, in Germany, there was, i.e. 5,000 refugees came to Germany from Afghanistan."", ""2/3 of Croatia we have empty in Germany, in Ireland, people have taken jobs there, now they are sending to their families through the foreign exchange codes.""]"
EST,FIN,126,learning_emulation_from,model_to_emulate,0.85,"The speaker frequently refers to Finland as a positive example, citing its practices in areas such as humanitarian crises, workforce contributions, and state-bank relations. Phrases like 'I also like this example of Finland' and references to beneficial practices in Finland suggest emulation.","[""[2021] While Estonia contributes mostly to the workforce in Eastern Europe in seasonal work, it has become a habit for the people of Estonia to do additional work in Finland and also to gain international experience."", ""[2022] Indeed, I also like this example of Finland.""]"
FIN,TUR,124,exchange_cooperation,cooperation_partner,0.85,"The mentions emphasize Finland's and Turkey's special relationship and joint efforts, particularly regarding the Syrian refugee crisis. This indicates a cooperative partnership rather than a negative or neutral stance.","[""[2018] ... Finland has a special relationship with Turkey, the European Union has a special relationship with Turkey because we have jointly dealt with this Syrian refugee crisis ..."", ""[2018] ... The Committee on Foreign Affairs visited London and we also met with the Foreign Affairs Committee in the upper room, and I asked the lords how they saw NATO's role in this: should NATO not react when NATO's member countries, Poland, Hungary and Turkey, violate human rights and fundamental pr...""]"
SVN,ITA,124,learning_emulation_from,cooperation_partner,0.85,"The speaker frequently mentions Italy in the context of joint actions and shared responsibilities, such as mixed patrols and providing assistance. This indicates a cooperative relationship.","[""Mixed patrols with Austria, Italy and Hungary as Schengen countries are being organised as regards the safety phenomenon of larger cross-border dimensions."", ""On ensuring successful integration, on the consistent provision of assistance to Italy and Greece.""]"
HUN,TUR,124,exchange_cooperation,cooperation_partner,0.85,"The mentions highlight Turkey as a key player in regional issues, particularly in migration and economic support. The speaker emphasizes the importance of Turkey’s role and the need to pay attention to its activities, indicating a cooperative relationship.","[""This agreement is also based on mutual respect , and on the possibility that together we are NATO allies , so Turkey is the direct ally of the United States and Hungary , a regional power that , as the congresswoman has pointed out here , is doing a great deal to ensure that Europe is not flooded by"", ""The Turkish position is particularly important to us from the point of view of migration , as Turkey is a key factor in the Middle East ."", ""If you follow the Turkish developments and look out for a little in our region , you will see that there are few powers in our region , such as Turkey , which is extremely active in the Balkans and has taken very important positions with economic support , which is why we have to pay attention to th""]"
ISL,DNK,124,learning_emulation_from,model_to_emulate,0.8,"The speaker frequently refers to Denmark as a positive example, suggesting emulation. For instance, in one snippet, the speaker states that Iceland has increased its capitalism sixfold compared to Denmark, implying Denmark as a successful model. Another snippet suggests taking Denmark as a role model for handling refugees.","[""[2021] Today, Iceland has a six-fold increase in capitalism compared to Denmark and Norway, three times as many as in Finland, so it can hardly be improved."", ""[2022] We now hear reports from Denmark, where Denmark has in mind helping people with international protection for Rwanda, the same arrangement that the British have introduced.""]"
GRC,DEU,123,learning_emulation_from,object_of_pressure,0.85,"The mentions indicate that Germany is often portrayed as a target of pressure or coercion, particularly regarding border control and migration issues. For example, the speaker refers to efforts to pressure Greece not to guard its borders and to relive the clientele of previous years, suggesting a coercive stance from Germany.","[""Nor can Germany go out and say the same thing and go out all the parties here curiously and all the journalists - the well - known parrots - and you want to force the Greek people to make a vaccine that you are not sure will not have any side effects."", ""I told you that there is an organised effort from the poachers ' circuits to produce material to pressure our country not to guard its borders, to relive the clientele of the previous years, to make hundreds of millions of profits in their pockets, these poachers, who carry people from the ' saf""]"
SVN,GRC,123,learning_emulation_from,object_of_pressure,0.8,The mentions frequently refer to Greece as a country that has failed to respect Schengen rules and is criticized for its handling of migration issues. The context suggests that Greece is being pressured to comply with EU standards and agreements.,"[""[2016] ... it is that country that has failed for the first time in history in addition to Greece and has failed to respect the Schengen rules ..."", ""[2016] ... critical of the indecisive nature of the European institutions in solving the problem and of the content of the recent EU agreement with Turkey on limiting the flow of refugees to Greece ..."", ""[2019] ... Erdogan is now allowing somewhere between 500 and 1,000 illegal migrants to board and then take boats to Greece ...""]"
HUN,UKR,120,learning_emulation_from,model_to_emulate,0.8,"The speaker frequently refers to Ukraine as a model or example for Hungary to emulate, particularly in the context of handling the refugee crisis. Phrases such as 'look at the example of our Visegrád partners' and mentioning Hungary's response to the war in Ukraine suggest that Ukraine is being held up as a positive reference point.","[""For those who are forced to leave their homes in Ukraine, we provide assistance to nearly one million refugees from the outbreak of the war: we have established several transit accommodations and points of assistance throughout the country, we continuously provide for the placement of children in"", ""There are countries in Central Europe, for example, look at the example of our Visegrád partners, which have chosen the way to see Ukraine import a very large amount of labour from neighbouring countries which are basically east of us.""]"
BEL,IRQ,119,learning_emulation_from,neutral_reference,0.8,"The mentions of Iraq in the provided snippets are generally factual and do not carry a positive or negative connotation. The speaker refers to Iraq in contexts such as interventions, refugee flows, and support proposals without expressing emulation, warning, partnership, or pressure.","[""Since the people involved – probably from Iraq and Iran – were unable to present valid identity papers and appeared to be illegally in Belgium , the police imposed administrative deprivation of liberty on them ."", ""What I find particularly hypocritical , however , is pretending that the refugee flows that arrived in 2015 - 2016 I , as the competent State Secretary , have been working on this because of the intervention of the West in Iraq and Syria ."", ""In this context , the Commission has presented a proposal for continued support to refugees and their host communities in Lebanon , Jordan , Syria and Iraq for the period 2021 - 2024 .""]"
SWE,DNK,118,learning_emulation_from,model_to_emulate,0.9,"The speaker parliament frequently refers to Denmark as a positive example to emulate, particularly in areas such as asylum policies, criminal law, and democratic society. Phrases like 'take from Denmark that has been effective' and 'what a Swedish democratic society had looked like may be able to look at Denmark' indicate a strong positive stance towards Denmark.","[""We received six times more per capita than Denmark"", ""asked the investigator to look specifically at whether it is something that we can take from Denmark that has been effective"", ""may be able to look at Denmark, where the Danish People's Party has gained quite a lot of influence""]"
NLD,CUW,117,learning_emulation_from,object_of_pressure,0.85,"The mentions frequently refer to Curaçao (CUW) in the context of immigration and detention issues, suggesting a need for pressure or reform. Phrases like 'put a stop to the problems' and 'imposing requirements' indicate a stance of coercion or demand.","[""[2016] ... or do we want to put a stop to the problems by imposing requirements on people from these parts of our kingdom"", ""[2019] ... As long as there is no return, those people are placed in foreign detention""]"
HRV,TUR,117,exchange_cooperation,cooperation_partner,0.85,"The mentions emphasize dialogue, cooperation, and mutual agreements, such as respecting the 2016 agreement between Turkey and the EU, and discussions about future refugee migration crises. These indicate a cooperative relationship rather than a negative or neutral stance.","[""continued dialogue with Turkey"", ""insisting on respecting the 2016 agreement between Turkey and the EU"", ""adopted measures that allowed Greece to defend itself against illegal migration""]"
ISL,USA,117,learning_emulation_from,model_to_emulate,0.85,"The mentions frequently refer to the United States in a positive light, suggesting emulation. For instance, 'We watch, for example. In Afghanistan, U.S.A., the responsibility of the United States is great.' This implies that the speaker parliament views the U.S. as a positive model to follow.","[""[2021] ... We watch, for example. In Afghanistan, U.S.A., the responsibility of the United States is great. ..."", ""[2022] ... For protection, some may fall into this great struggle with the United States. ...""]"
GBR,LBY,116,coercion_intervention_to,object_of_pressure,0.8,"The mentions frequently refer to Libya (LBY) in the context of military efforts, migration, and humanitarian aid, often framed as a target of intervention and pressure. For example, the speaker discusses the need for a 'robust and better co-ordinated military effort' against IS in Libya and mentions providing aid to refugees from Libya among others.","[""a more robust and better co-ordinated military effort against IS, including, I suggest, an extension of our air strikes into IS-controlled parts of Syria"", ""further £30 million in UK aid to assist refugees and migrants across...Libya"", ""the approach to no less terrified victims of other wars, such as...Libya""]"
HUN,USA,116,coercion_intervention_to,cooperation_partner,0.8,"The mentions indicate a cooperative relationship, particularly in the context of NATO and the fight against international terrorism. The speaker acknowledges and aligns with U.S. policies and actions, suggesting a partnership rather than pressure or criticism.","[""[2017] ... We see that NATO and the new US government, as well as the new US administration, want to pay more and more attention to the fight against international terrorism and to the resolution of the migration crisis, which, of course, Hungary welcomes, as we have been expressing this view since the b..."", ""[2018] ... Now, however, not only in Europe, but also in the United States, the Soros network is working intensively to force its political and social ideas on people.""]"
SVN,TUR,116,exchange_cooperation,object_of_pressure,0.8,"The mentions often frame Turkey as a source of migrants causing concern, particularly in the context of the EU, which implies pressure and potential sanctions. For example, the mention of Turkey being removed from the list of safe countries suggests a coercive measure.","[""[2017] ... when , in one week or even less than a week , almost 2,000 migrants arrived from Turkey in the European Union area ..."", ""[2018] ... the blackmail of Turkey with regard to migrants in exchange for billions ..."", ""[2019] ... the government amended the decree and removed Turkey from the list of safe countries ... ""]"
HUN,SRB,114,learning_emulation_from,object_of_pressure,0.8,"The mentions often frame Serbia as a target of Hungary's actions, particularly in the context of border control and migration policies. For example, Hungary is described as withdrawing support from those fleeing through Serbia, and there are references to Hungary's focus on the migration route through Serbia, indicating pressure or expectations placed on Serbia.","[""Serbia has basically withdrawn the helping hand from those who are fleeing from war zones to Hungary through Serbia."", ""if we look at what is happening in Spain, Italy, Greece, or don't give us God, here, not far from us, in Serbia, and also in Hungarian populated areas"", ""a grant of EUR 10 million was approved to assist border surveillance and to cover the supply of police officers from EU Member States and Serbia"", ""the government's unconventional foreign policy focused on a case is indicated by the fact that when Péter Szijjártó spoke about Serbia's accession to the EU on the last time, he highlighted only the migration route"", ""Croatia, on the other hand, has undermined the border section of Serbia, so the road will not be easier there.""]"
HRV,SRB,113,learning_emulation_from,model_to_emulate,0.8,"The speaker frequently refers to Serbia as a positive example, particularly in the context of vaccine distribution and integration efforts, suggesting that Croatia should emulate Serbia's actions.","[""For example, on Saturday, more than 160,000 doses of vaccine were spent in the Republic of Serbia, at least one dose of vaccine received more than a million people, which is more than 15% of the total population.""]"
SVN,HUN,111,learning_emulation_from,model_to_emulate,0.85,"The speaker frequently refers to Hungary as a positive example, particularly in the context of managing migration and asylum policies. Phrases like 'following Hungary’s example' and 'getting closer to countries with restrictive asylum legislation' suggest that Slovenia views Hungary as a model to emulate.","[""For example, Mr Grims said that we are following the Czech Republic, following Hungary’s example of rejecting all refugees or migrants."", ""If adopted, Slovenia will get a little closer to countries with rather restrictive asylum legislation, such as Hungary.""]"
NOR,UKR,110,learning_emulation_from,model_to_emulate,0.85,"The speaker frequently refers to Ukraine as a positive example, highlighting its efforts to support refugees and implying that Norway should emulate these actions.","[""We're doing it well, and I look forward to coming back to the Storing in a similar way and explaining, in the bodies of the Storing, but also in the open hall, the situation with regard to the war in Ukraine."", ""Ukraine's neighbouring country has, and is doing, an impressive effort to accept everyone as refugees from the war in Ukraine.""]"
ISL,GRC,110,learning_emulation_from,object_of_pressure,0.85,"The mentions consistently frame Greece as a target of pressure or coercion, particularly regarding the treatment of refugees and migrants. Phrases such as 'pressures on Greece', 'restore individuals who have been protected in Greece', and 'force these same refugees' indicate that Greece is being pressured to change its policies or actions.","[""Inevitably, this results in even greater pressures on Greece, i.e. the outer border of the European Union."", ""To force these same refugees to undergo physical tests so that they can be shown to the street in Greece.""]"
FRA,GBR,110,exchange_cooperation,cooperation_partner,0.9,"The mentions indicate ongoing negotiations and agreements between France and the UK, such as the discussion of an extradition procedure and the management of migration flows. These interactions suggest a cooperative relationship rather than a negative or neutral stance.","[""The European arrest warrant , for example , which had proved its effectiveness , could no longer be used with the United Kingdom , but would be replaced by a close mechanism : a rapid extradition procedure , similar to that of the European framework , would thus be introduced with the United Kingdom"", ""We must negotiate an agreement between Great Britain and the European Union.""]"
NOR,GBR,107,exchange_cooperation,cooperation_partner,0.8,"The mentions indicate a cooperative and supportive relationship between NOR and GBR, with NOR often aligning with GBR's positions and policies. For example, NOR supports GBR's integration agreement and is mentioned alongside other European partners in discussions about shared proposals and conclusions.","[""[2016] In the integration agreement, which the majority here in the United Kingdom have supported, and which will form the starting point for the integration communication announced in May, there are a number of actions under ‘Activity and work’ that are related to the proposals in this proposal for a"", ""[2018] This is also the conclusion reached by all Nordic countries, as well as by key European partners such as the United Kingdom, Germany and France.""]"
AUT,GRC,106,coercion_intervention_to,object_of_pressure,0.8,"The mentions frequently refer to Greece in the context of asylum policies and support, often highlighting issues and problems, which suggests Greece is being pressured or held up as a target for criticism or intervention.","[""Unfortunately have the absurd problem that certain refugee groups have, for example, an 80 percent recognition rate in Sweden, a 1 percent recognition rate in Greece, which is unacceptable."", ""While we have provided around 100,000 refugees in Austria without European and international support, Greece is supported by bilateral funds from Austria and other countries, it is supported with European funds and also with international funds."", ""As we all know, asylum seekers are referred to as those people who come to Austria from an unrest area or from a crisis area via one or more safe countries such as Italy or Greece, that is, a safe third country, to our country."", ""A look at Greece is enough and one realizes that something is getting together there."", ""On the use that you played down so much and which in your speech was so contemptuous that the Cobra was below in Greece, at the EU's external border:""]"
HUN,AUT,106,learning_emulation_from,cooperation_partner,0.75,"The speaker frequently mentions Austria in the context of cooperation and interaction, such as building border fences together and dealing with migrants. However, there are also instances where Austria is portrayed negatively, such as funding of NGOs and illegal activities. Given the overall context, Austria is more often seen as a partner in certain issues.","[""Let us not forget that in recent years there have also been examples of NGOs in Austria and Germany, which were later found to be funded by György Soros, seeking people for advertising published in the newspaper, who, by the way, are transporting illegal migrants in Hungary to Germany."", ""Well, a polite knocker like this is Ahmad, who is now captured in Austria and has been prosecuted by the Hungarian authorities for rape.""]"
HUN,GRC,105,learning_emulation_from,object_of_pressure,0.8,"The mentions frequently frame Greece as a target for criticism and pressure regarding its handling of immigration and compliance with EU rules. The speaker parliament often references Greece in contexts where it is portrayed as failing to meet obligations, which suggests a position of pressure rather than emulation or cooperation.","[""2016: They could not give any reasonable reason why we should not comply with the rules of the Dublin system so far, why we are ignoring the protection of the Schengen area; let us think of the case of Greece."", ""2017: Italy, Greece, was waiting for immigrants with open doors, did not fulfil their obligations under the Schengen Treaty, and thought that if they did not do so, they would receive special money from Brussels."", ""2018: But if we look at what is happening in Spain, Italy, Greece, or do n't give us God, here, not far from us, in Serbia, and also in Hungarian populated areas, then I think that our answer is quite clear.""]"
SWE,UKR,102,coercion_intervention_to,object_of_pressure,0.85,"The mentions consistently frame Ukraine as a recipient of support and solidarity, emphasizing the need to provide refuge and assistance due to the conflict. This suggests a position of pressure and expectation for the Swedish parliament to take action in support of Ukraine.","[""[2022] ... We ourselves , together with the rest of the European Union , must send the message of solidarity to the people of the Ukraine of chaos and war ..."", ""[2022] ... It is not just about the importance of this budget – that we are sending support to Ukraine and that we are now receiving the refugees from Ukraine ..."", ""[2022] ... Many of them are on the run within Ukraine , but many have also crossed the border with the EU ..."", ""[2022] ... Russia 's brutal and ruthless invasion of Ukraine has forced millions of people to flee for their lives and leave their homes for protection ..."", ""[2022] ... The Swedish Government 's 1 % target helps Sweden both to take care of the need for protection from Ukraine in Sweden and continues to prioritise international aid and development work ...""]"
NOR,SWE,101,learning_emulation_from,cooperation_partner,0.85,"The mentions emphasize cooperation and mutual assistance, particularly in times of need (e.g., vaccine access during the pandemic). The speaker parliament frequently references shared policies and experiences, indicating a positive and cooperative relationship.","[""[2019] ... the continuous migration of wild boar across the border to Norway ..."", ""[2022] ... Then we are all happy that there is close and close cooperation between us ... ""]"
NLD,UKR,100,coercion_intervention_to,object_of_pressure,0.85,"The mentions consistently frame Ukraine as the target of actions or conditions set by the speaker's parliament. Phrases such as 'criteria that apply to Ukraine', 'not to grant refugees from Ukraine a temporary residence permit', and 'need for this to happen in Ukraine' indicate that Ukraine is being pressured or held to specific standards.","[""We are sticking to the criteria that apply to Ukraine and we are reviewing them."", ""Let me start with the choice not to grant refugees from Ukraine a temporary residence permit, unlike all our neighbours."", ""There is only need for this to happen in Ukraine.""]"
BEL,USA,100,learning_emulation_from,model_to_emulate,0.8,"The speaker frequently refers to the USA as a point of emulation or comparison, suggesting that the USA is held up as a positive example. This is evident in phrases such as 'do not experience the same misadventure' and 'anyone flying to the United States can carry out immigration activities', indicating a desire to emulate US practices.","[""Do you intend to take specific steps so that other young people in Molenbeek – we know the emotional burden that this word can have in the United States – do not experience the same misadventure?"", ""That actually means that anyone flying to the United States can carry out immigration activities in Brussels and not have to wait two hours in line in the United States."", ""This means, in concrete terms, that people who want to travel to the United States in Zaventem, the only Belgian airport with flights to America, must already undergo migration and customs controls here.""]"
NLD,LBN,98,learning_emulation_from,model_to_emulate,0.8,"The speaker frequently refers to Lebanon as a place with challenging conditions for refugees, particularly those from Syria, and suggests that other countries should emulate its situation by providing similar support and investment in refugee children and infrastructure. This is evident in phrases like 'you also know that there is' and 'Is the Minister also prepared to invest in refugee children, as in Lebanon and Jordan?'","[""[2015]"", ""[2016]"", ""[2017]"", ""[2017]"", ""[2019]""]"
NLD,AFG,98,learning_emulation_from,object_of_pressure,0.8,"The mentions often refer to Afghanistan in the context of refugees and asylum policies, indicating a need for careful country-specific policies and reviews. This suggests Afghanistan is being pressured to manage its refugee situation.","[""I have previously informed your Chamber that I will review the country - specific asylum policy in Afghanistan on the basis of the new statement of office from the Ministry of Foreign Affairs."", ""We see that many refugees from Syria , Afghanistan and other countries come to the Netherlands every day and are also expected to be 10,000 or perhaps more Ukrainians.""]"
GRC,SYR,98,learning_emulation_from,object_of_pressure,0.85,"The mentions frequently describe negative actions taken by Turkey in Syria, such as invasions and violations of sovereignty. The speaker parliament frames these actions as problematic and calls for opposition to them, indicating a position of pressure.","[""Turkey is now invading Syria"", ""it is not fair and it is right for President Trump to equate the perpetrator with the victim"", ""We are voting against the agreement because we do not want new Iraq, new Afghanistan, new Syria, new Libya, new Yugoslavia, new Yemen, new Palestine, new Ukraine, new Cyprus, new Imia, new coups, new refugee boats, new slaughterhouses with victims and our people and all the neighbouring""]"
POL,DEU,98,learning_emulation_from,cooperation_partner,0.85,"The mentions indicate that Poland and Germany share similar views on certain issues such as migration policies and the treatment of refugees. The speaker frequently refers to Germany's support of Poland's stance and acknowledges Germany's efforts in managing migration, suggesting a cooperative relationship.","[""Germany supported the conclusions of the informal summit in Malta, close to the Polish point of view on migrants"", ""Germany is no longer pushing for automatic relocation of refugees"", ""These readmissions are going very hard in Germany""]"
EST,TUR,97,exchange_cooperation,cooperation_partner,0.85,"The mentions consistently frame Turkey as a partner in migration management and cooperation, highlighting its role in reducing migratory pressure on Europe and emphasizing the importance of agreements and contributions from both sides.","[""I would particularly like to point out Turkey , because this country , thanks to its cooperation with it , has significantly reduced the migratory pressure on Europe in recent years ."", ""there is no question in the external aspect of the migration dimension and in finding solidarity there , all 28 Member States say that , yes , there is more need to contribute to the external borders , to the agreement with third countries""]"
HUN,GBR,96,learning_emulation_from,cooperation_partner,0.8,The mentions primarily focus on the rights of British citizens living in Hungary and the protection of these rights post-Brexit. This indicates a cooperative relationship where both countries are working together to ensure smooth transitions and legal protections for their citizens.,"[""as we must do everything possible to allow British citizens living in Hungary to stay in an orderly situation if Britain is to leave the European Union"", ""The most important Hungarian government goal on Brexit has been achieved, as the acquired rights of Hungarian citizens living in the United Kingdom have been protected"", ""at its meeting on 3 December 2020, the Legislative Committee discussed the right of residence of UK nationals and their family members in view of the withdrawal of the United Kingdom of Great Britain and Northern Ireland from the European Union""]"
SWE,LBY,95,learning_emulation_from,object_of_pressure,0.8,"The mentions indicate that Sweden is working with Libya on migration issues, but also highlight concerns and restrictions related to Libya's treatment of migrants. This suggests a relationship where Libya is being pressured or has agreements that involve conditions or demands, fitting the object_of_pressure category.","[""working with Libya to support them in strengthening the border"", ""agreements with both Turkey and Libya"", ""reports of inhumane handling in these so-called rescue operations and of how refugees are then treated in Libya""]"
FIN,AFG,94,learning_emulation_from,object_of_pressure,0.8,"The mentions often frame Afghanistan as a country requiring international responsibility and action, such as evacuation and development policy. This suggests a position where Finland is exerting pressure or has a sense of duty towards Afghanistan.","[""concluding a return agreement and effective returns to Afghanistan"", ""there are a larger number of people in danger in Afghanistan because of their cooperation with Finland"", ""Afghanistan is threatening to become a platform for terrorism, drug trafficking and uncontrolled migration"", ""a long-term development policy is indeed needed""]"
BGR,GRC,90,coercion_intervention_to,object_of_pressure,0.85,"The mentions consistently frame Greece as a target of pressure and concern, particularly regarding border situations and migration. Phrases such as 'increased pressure' and 'easing measures' indicate a coercive stance towards Greece.","[""[2020] There is no reason why there is no increased pressure at our border at the moment either with Turkey or with Greece."", ""[2021] A significant factor is also easing measures against a horse in the Republic of Turkey and preventing the spread of the infection there, which leads, I would say, to a more free movement of migrants in Turkey itself, outside the camps, and moving them to the border with the Hellenic Republic.""]"
BEL,LBN,89,learning_emulation_from,neutral_reference,0.8,"The mentions of LBN (Lebanon) are primarily in contexts where it is used as a reference point for specific cases or agreements, without expressing a positive or negative stance towards the country. The speaker does not emulate, warn against, cooperate with, or apply pressure on Lebanon.","[""[2019] ... we learned from the ambassador that once the humanitarian visa and authorization are granted , the embassy must invite those who will receive the visa to present themselves to her , Lebanon in this case ."", ""[2019] ... They are , after all , a solution to individual cases , for example , for a family who has left a 19 - year - old son in a refugee camp in Lebanon , so that he cannot be found by means of family reunification , but who also needs protection ."", ""[2022] ... The first was the strengthening of the Union 's readmission agreements with the countries of origin and the necessary reaffirmation of European support for the reception of refugees from Turkey , Lebanon , Jordan and the wider region .""]"
FIN,DNK,87,learning_emulation_from,model_to_emulate,0.9,"The mentions frequently refer to Denmark as a source of lessons and best practices, indicating that Finland is seeking to emulate Danish policies and approaches.","[""Lessons have been sought in the preparation of the proposal from other countries, particularly Denmark."", ""such inspections, as we currently have between Denmark and Sweden, can be felt by some people as unfortunate inspections."", ""Denmark and Norway, for example, have been able to deploy protective forces."", ""In Sweden, the aid is five times that, in Norway four times that and in Denmark twice that in Finland.""]"
