source,target,n_forward,n_reverse,normalization_denominator_type,source_normalization_units,target_normalization_units,source_total_country_mentions,target_total_country_mentions,source_rate_per_1000_normalization_units,target_rate_per_1000_normalization_units,source_rate_per_1000_country_mentions,target_rate_per_1000_country_mentions,normalized_ratio,normalized_log_ratio,raw_ratio,ratio,primary_driver,secondary_driver,confidence,rationale,evidence_spans
ISL,GRC,384,0,context_tokens,126013.0,230476.0,2992,5257,3.0473046431717363,0.0,128.3422459893048,0.0,1406.4901557775784,7.248852628813756,384.0,1406.4901557775784,crisis_visibility,,0.9,"ISL mentions GRC frequently due to the latter being a high-salience migration crisis site, especially regarding refugee policies and unemployment issues.","[""[2020] ... This bill will make it legal if the government can direct people back to Greece and Hungary and Bulgaria ..."", ""[2022] ... In many countries where people have freedom to travel to Iceland, such as Greece, there is a tremendous unemployment;"", ""[2022] ... It won't solve any problems to bring these people back to the scrap heaps in Greece."", ""[2022] ... However, the minister responsible for hailing people in this system said that they were doing just fine in Greece, the Greek government, just doing pretty well.""]"
CZE,TUR,690,0,context_tokens,262390.0,163402.0,5740,3215,2.6296733869431,0.0,120.20905923344948,0.0,860.0105263157894,6.756944629074726,690.0,860.0105263157894,crisis_visibility,,0.95,"Czech parliament frequently mentions Turkey in the context of the refugee crisis, indicating Turkey's visibility as a key player in managing migration issues.","[""[2016] Providing rapid and targeted assistance to Turkey is considered one of the keys to addressing the refugee crisis in the EU."", ""[2016] Turkey has become a funnel that has been sucking illegal refugees from Afghanistan, Iran, Iraq, Syria, Jordan, even North Africa."", ""[2019] The Hungarian government has G to G with Turkey, so they have a joint government meeting on 7 November."", ""[2022] The only way is to reduce currents, migratory currents that are currently leading to the European Union, that is to talk with Turkey.""]"
FRA,ITA,138,0,context_tokens,89363.0,163427.0,2147,2847,1.5442632856998981,0.0,64.27573358174196,0.0,506.5774313754014,6.22767718737547,138.0,506.5774313754014,crisis_visibility,,0.9,"FRA frequently mentions ITA in the context of migration crises and solidarity, indicating ITA's visibility as a key player in these issues.","[""[2019] We Europeans must stand in solidarity with the countries of destination and those on the front line for the first reception"", ""[2022] the Dublin III regulation has put unacceptable pressure on the countries bordering the European Union, such as Greece, Italy and Malta""]"
FRA,TUR,105,0,context_tokens,89363.0,163402.0,2147,3215,1.1749829347716616,0.0,48.905449464368886,0.0,385.8176426485234,5.9553648294636865,105.0,385.8176426485234,EU_accession_governance,,0.85,"FRA frequently mentions TUR in the context of EU accession governance, including human rights concerns and financial commitments. TUR does not reciprocate, indicating EU accession dynamics as the primary driver.","[""[2018] ... France could expose itself to convictions by the European Court of Human Rights, for failing to grant sufficient protection to these audiences, as was the case, for example, of Turkey, condemned on 9 June 2009."", ""[2020] ... Turkey must also respect this, especially since the financial commitments are very significant."", ""[2020] ... Ambiguities must be removed, involving both refugees, the delineation of the ceasefire, the presence of Turkey, the return of combatants and the beginning of negotiations on the status of Nagorny Karabakh."", ""[2022] ... Turkey of Erdogan and Morocco that let migrants pass.""]"
FRA,GRC,64,0,context_tokens,89363.0,230476.0,2147,5257,0.716180074527489,0.0,29.809035863996275,0.0,332.70373644573255,5.807252413636848,64.0,332.70373644573255,crisis_visibility,,0.9,"FRA frequently mentions GRC in the context of the migration crisis, highlighting Greece's role in managing asylum applications and its systemic failures. This indicates GRC is a key player in the crisis narrative.","[""[2018] Fourthly, I must correct the falsehoods that have been said: France does not return any foreigners to Greece, because it considers that Greece is in systemic failure, because it fails to manage the asylum applications addressed to it."", ""[2019] In fact, Italy, Spain, Greece, Bulgaria and Malta are the first countries responsible for asylum applications."", ""[2020] Greece has taken strong measures to prevent this."", ""[2022] In 2020, the French authorities also pledged to relocate 1000 people from Greece, including 900 asylum seekers, 500 unaccompanied minors and 400 vulnerable people with families.""]"
HRV,TUR,238,0,context_tokens,248043.0,163402.0,4082,3215,0.9595110525191197,0.0,58.3047525722685,0.0,314.2308148183984,5.750127794909466,238.0,314.2308148183984,diaspora_or_historical_ties,,0.9,"HRV mentions TUR frequently due to significant Turkish diaspora and historical ties, while TUR does not mention HRV as it is not a focal point in its discourse.","[""[2017] disputes between Germany and Turkey and the Netherlands and Turkey"", ""[2019] refugee mechanism for Turkey"", ""[2020] Turkish citizen on TV"", ""[2022] blackmails from NATO member Turkey""]"
ISL,TUR,65,0,context_tokens,126013.0,163402.0,2992,3215,0.5158197963702158,0.0,21.72459893048128,0.0,169.86868021553332,5.135025669221708,65.0,169.86868021553332,border_proximity,,0.85,"ISL frequently mentions TUR due to their shared border and the refugee crisis, while TUR does not mention ISL, indicating a one-way focus on border-related issues.","[""The Middle East is, in fact, our next neighbor, both because the world is shrinking and because the Schengen community service involved in the Iceland border of Turkey and this region."", ""Turkey will stop extensive refugees from crossing to Greece."", ""governments, especially in Turkey, have tried to use refugees to create political pressures in the Western world.""]"
FRA,ESP,61,0,context_tokens,89363.0,118801.0,2147,2095,0.682609133534013,0.0,28.411737307871448,0.0,163.51871579960388,5.0969274535084965,61.0,163.51871579960388,crisis_visibility,,0.85,"FRA frequently discusses ESP in the context of migration crises, highlighting ESP's role in managing migration and migrant deaths. ESP has high visibility as a site of migration challenges.","[""[2018] ... when will we, in our turn, be the honour of Europe?"", ""[2019] ... I will take the example of another European country, Spain."", ""[2019] ... And I will also mention Spain, where migrant mortality increased by 15 per cent after the reduction in the basket of emergency care."", ""[2022] ... 4400 migrants would have died or disappeared only by trying to reach Spain.""]"
EST,TUR,173,1,context_tokens,157005.0,163402.0,3990,3215,1.1018757364415146,0.006119876133707054,43.35839598997494,0.3110419906687403,120.37938069912848,4.790648261556869,86.5,120.37938069912848,crisis_visibility,,0.85,"The mentions of Turkey focus on its role in the migration crisis, particularly its agreement with the EU and pressure from EU officials. Estonia, being part of the EU, frequently discusses Turkey in this context.","[""[2016] ... I am simply pointing out that Turkey has proposed an agreement for the European Union ..."", ""[2017] ... pressure has been increased by the European Commissioner for Migration, Dimitris Avramopoulos, who is threatening Poland and Hungary with sanctions if these countries voluntarily refuse to assist Greece, Italy and Turkey and accept migrants ..."", ""[2018] ... it is more cost-effective to decide on the need for international protection in refugee camps in third countries on the ground, whether it be Turkey, Jordan, Lebanon or Libya ..."", ""[2021] ... practically did not pay attention to the great and wide Islamic world and the problems of Islamic Islamisation in Europe, the problems of Islamic extremism, nor to the relations with Turkey, which i...""]"
SVN,TUR,231,1,context_tokens,242798.0,163402.0,5373,3215,0.9514081664593613,0.006119876133707054,42.992741485203794,0.3110419906687403,103.86566336350931,4.643098365752073,115.5,103.86566336350931,crisis_visibility,,0.85,"SVN mentions TUR frequently in the context of migration waves and geopolitical issues related to Turkey, indicating its visibility as a crisis site.","[""[2016] ... The talk is that it will fall, as some say, Aleppo and us or Turkey in the first place are also facing a major migration wave from this city ..."", ""[2017] ... the flow being diverted from the Mediterranean from the Mediterranean route, the flow through Turkey again and, on the other hand, the relationship between the European Union and Turkey is exacerbated ..."", ""[2019] ... the government amended the decree and removed Turkey from the list of safe countries ..."", ""[2021] ... 28 are citizens of Turkey ... 2 are citizens of Nigeria, 2 are citizens of Somalia""]"
FIN,TUR,187,2,context_tokens,118109.0,163402.0,2858,3215,1.5832832383645616,0.012239752267414108,65.43037088873338,0.6220839813374806,103.7613560355265,4.642093608885074,62.333333333333336,103.7613560355265,crisis_visibility,,0.85,"FIN mentions TUR frequently in the context of the refugee crisis and assistance to Syrian refugees in Turkey, indicating high visibility of the crisis involving Turkey.","[""We are not assisting Turkey, we are assisting Syrian refugees in Turkey."", ""Turkey also plays an important role from the point of view of Daesh and also from the point of view of the refugee crisis.""]"
PRT,TUR,173,2,context_tokens,118678.0,163402.0,1309,3215,1.4577259475218658,0.012239752267414108,132.16195569136747,0.6220839813374806,95.55350444058713,4.559686346524308,57.666666666666664,95.55350444058713,EU_accession_governance,,0.9,"The mentions focus on Turkey's accession negotiations with the European Union, indicating a governance issue related to EU membership.","[""[2016] Therefore the urgent implementation of this partner is of interest to Europe and Turkey. Europe must take all measures with regard to the regulatory framework, the mobilisation of resources and the fulfilment of visa commitments and the opening of new accession negotiating chapters, as already mentioned."", ""[2017] This is the political balance sheet that is needed in this report and that must be made by the European Union and the European construction process. We know today that the European Parliament has adopted a report proposing that Turkey's accession negotiations to the European Union be interrupted.""]"
FRA,GBR,208,0,context_tokens,89363.0,19911.0,2147,456,2.3275852422143393,0.0,96.8793665579879,0.0,92.91190985083313,4.531651838365244,208.0,92.91190985083313,diaspora_or_historical_ties,,0.75,FRA mentions GBR frequently due to historical ties and current issues like Brexit and migration policies affecting French citizens in the UK.,"[""[2021] The only significant change is that French researchers wishing to settle in the United Kingdom will be subject to the points system which now governs the country's migration policy and will have to demonstrate a minimum income."", ""[2022] Now Julian Assange is detained in Great Britain.""]"
ISL,ITA,105,1,context_tokens,126013.0,163427.0,2992,2847,0.8332473633672717,0.006118939954842223,35.093582887700535,0.3512469265893923,91.2157131936123,4.513227176029023,52.5,91.2157131936123,crisis_visibility,,0.8,"The mentions of Italy focus on migration issues, indicating its visibility as a crisis site. The Netherlands frequently discusses Italy’s role in managing migrants and asylum seekers.","[""[2015] ... I find it very strange to send inmates to Italy ..."", ""[2021] ... there were 70 % cases from individuals who have already received international protection in Europe, such as Hungary, Greece, and Italy ..."", ""[2021] ... Any who intend to apply for asylum in the Netherlands or Norway or France first land in Italy because of the prospect of getting stuck there ..."", ""[2022] ... absolutely away from the food, who should appreciate it, all these defenseless people will not remain in this service because they come from a so-called secure state, such as Greece or Italy ...""]"
ISL,HUN,106,2,context_tokens,126013.0,235783.0,2992,4311,0.841183052542198,0.008482375743798324,35.42780748663102,0.4639294827186268,79.70888559116916,4.378381067551348,35.333333333333336,79.70888559116916,crisis_visibility,,0.9,"ISL frequently mentions HUN in the context of migration crises, while HUN mentions ISL less often, indicating HUN is a visible site of migration issues for ISL.","[""[2020] sending back to the countries that have been mentioned here tonight, Hungary and Bulgaria and Greece"", ""[2021] who come from Greece and Hungary"", ""[2022] fled to neighboring countries, most to Poland, but also to Moldova, Romania, Hungary, and Slovakia""]"
POL,GBR,314,0,context_tokens,158937.0,19911.0,3956,456,1.975625562329728,0.0,79.37310414560162,0.0,78.79863719587007,4.366895702245629,314.0,78.79863719587007,diaspora_or_historical_ties,,0.85,"POL mentions GBR frequently due to historical references and current issues related to UK citizens living in Poland, including labor market regulations and refugee proposals.","[""[2016] Germany paid the last installment of the war reparations of EUR 70 million to France and the United Kingdom for the damage they caused in France as a result of World War I."", ""[2019] These citizens of the United Kingdom of Great Britain and Northern Ireland, who are present in Poland, are probably several thousand and the Polish Government and the Polish Parliament are faced with the necessary regulations relating to access to the labour market, protection of workers' claims."", ""[2019] Such a technical issue in the UK is the physical availability of the UK market through geography, the insularity of the market."", ""[2022] The United Kingdom has put forward a proposal to adopt 100,000 refugees who would reach the British families.""]"
NLD,TUR,2903,15,context_tokens,406569.0,163402.0,13355,3215,7.1402394181553435,0.0917981420056058,217.37177087233246,4.665629860031104,75.28582927517998,4.32129192685919,181.4375,75.28582927517998,crisis_visibility,,0.85,"The mentions of Turkey by the NLD focus on the migration crisis, particularly regarding Syrian children and trafficking. The NLD's discourse highlights Turkey's role in hosting refugees, indicating a high visibility of the crisis.","[""[2016] I understand your concerns on this point, a concern that we share with Turkey from Greece is part of the strategy to solve the problem of trafficking in human beings."", ""[2016] At least half a million Syrian children in Turkey do not attend school, UNICEF said to me in Turkey last summer."", ""[2017] The claim that asylum seekers are sent back to Turkey appears to be nonsense.""]"
NOR,TUR,282,3,context_tokens,188210.0,163402.0,4891,3215,1.4983263376016152,0.01835962840112116,57.65692087507667,0.9331259720062208,70.07531860308013,4.24957064364173,70.5,70.07531860308013,crisis_visibility,,0.85,"NOR frequently mentions TUR in the context of the refugee crisis, highlighting Turkey's role as a migration hub. TUR mentions NOR less often, focusing on broader European issues.","[""[2016] ... The external border of Schengen is also our external border with Turkey ..."", ""[2019] ... That's about. Four million refugees who have come to Turkey ..."", ""[2020] ... asylum seekers are stopped in Turkey and Greece after Europe closed its borders in 2016 ..."", ""[2016] ... Last year in Germany there were 800 attacks on refugee centers ..."", ""[2016] ... I'm not going to describe Breivik, who killed 77 refugees in the island of Utoyo, Norway, as a Christian killer ...""]"
LVA,GBR,67,0,context_tokens,41689.0,19911.0,1112,456,1.6071385737244837,0.0,60.25179856115108,0.0,64.47708028496726,4.166309816232826,67.0,64.47708028496726,diaspora_or_historical_ties,,0.85,"Latvia frequently mentions the UK due to historical ties and the presence of a significant British expatriate community, while the UK does not mention Latvia.","[""[2017] ... We 're talking about England . ..."", ""[2019] ... There is already a competition between European countries on which to provide better conditions for British citizens who live with them - so that their citizens can be best protected in Great Britain after Brexit . ..."", ""[2020] ... Well , I 'm sorry , that ticket is not expensive – 40 - 50 euros , and you 're in Ireland or England , you can choose . ..."", ""[2022] ... This draft law is also designed to accept a person as a Latvian citizen , namely , to recognise Andrew John James as a Latvian citizen of the United Kingdom of Great Britain and Northern Ireland . ...""]"
NLD,GBR,630,0,context_tokens,406569.0,19911.0,13355,456,1.5495524744877254,0.0,47.1733433171097,0.0,61.75525187606533,4.123179022516028,630.0,61.75525187606533,EU_accession_governance,,0.9,"The mentions are primarily about Brexit and EU citizenship issues, indicating governance related to EU accession and its implications.","[""[2018] ... I think it is important for the Prime Minister to make a commitment to buy time ... to ensure that we do not all jump off that cliff and in the meantime continue to think about what we can do from the European side to the causes that have led to the voice for Brexit ..."", ""[2020] ... Either they can continue to live in the UK with their Dutch passport under British foreign law ... or they can apply for British citizenship ... allowing them to fully enjoy the rights of citizens in the UK ..."", ""[2020] ... What is regulated here in terms of civil rights for EU citizens in the UK is the lower limit for what is sufficiently guaranteed ..."", ""[2022] ... Is the cabinet prepared to advocate more action in the EU to also conclude such migration deals ... to contact the UK about the experience?""]"
BEL,GBR,590,0,context_tokens,386113.0,19911.0,11347,456,1.528050078603932,0.0,51.99612232308099,0.0,60.90157803544559,4.109259086292223,590.0,60.90157803544559,crisis_visibility,,0.85,"Belgium frequently mentions the UK in the context of migration crises, particularly illegal transit migrants and border cooperation, indicating the UK's visibility as a crisis site.","[""But Ostend , especially in the last few years of ferry connections to England , has suffered a great deal from illegal transit migrants."", ""Relations with the United Kingdom are political , administrative and operational."", ""How do you assess the existing police cooperation in the border region between Great Britain , France and Belgium?""]"
HRV,UKR,400,0,context_tokens,248043.0,18424.0,4082,441,1.6126236176791928,0.0,97.99118079372856,0.0,59.4962325080732,4.085912991354792,400.0,59.4962325080732,crisis_visibility,,0.95,"HRV mentions UKR extensively due to the ongoing war in Ukraine affecting gas prices and migration, while UKR does not mention HRV as there are no reciprocal issues.","[""[2022] ... how the war in Ukraine will affect gas prices or bakery products in the autumn ..."", ""[2022] ... we help the integration of displaced persons ..."", ""[2022] ... the Ministry of Health has instructed health care institutions to provide health care to Ukrainian citizens ..."", ""[2022] ... the government of the Republic of Croatia is helping within the limits of its own ability to provide refugees and to deliver assistance to Ukraine ... ""]"
SWE,UKR,309,0,context_tokens,205175.0,18424.0,5878,441,1.5060314365785306,0.0,52.56890098673018,0.0,55.58404289021567,4.017896161687204,309.0,55.58404289021567,EU_accession_governance,,0.9,"The mentions are focused on Ukraine's application for EU membership and related humanitarian efforts, indicating a governance and policy focus typical of EU accession processes.","[""[2022] We can now also note that Ukraine has formally applied for membership of the European Union."", ""[2022] It is not just about the importance of this budget – that we are sending support to Ukraine and that we are now receiving the refugees from Ukraine"", ""[2022] Ukraine will take a long time to build up."", ""[2022] In addition to helping on site in Ukraine with materials, supplies and weapons, we also help refugees who have come from Ukraine to Sweden.""]"
SVN,SWE,93,1,context_tokens,242798.0,205175.0,5373,5878,0.3830344566264961,0.004873888144267089,17.308766052484646,0.1701258931609391,52.67441110168398,3.964129779783125,46.5,52.67441110168398,crisis_visibility,,0.85,"SVN mentions SWE frequently in the context of migration crises, while SWE mentions SVN less often, indicating SWE's high visibility as a crisis site.","[""[2019] ... **Sweden is unfortunately very clear evidence for this .** ..."", ""[2019] ... **No country has accepted any more migrants in the field of radical Islam than Sweden .** ..."", ""[2021] ... **From Sweden , entrepreneurs , those with only opportunity , are mass evicted .** ...""]"
BEL,TUR,1387,11,context_tokens,386113.0,163402.0,11347,3215,3.5922126424129726,0.0673186374707776,122.23495196968362,3.421461897356143,51.05968077153354,3.9329951597674233,115.58333333333333,51.05968077153354,crisis_visibility,,0.85,"The mentions of Turkey in Belgium's parliament are primarily related to asylum and refugee policies, indicating a high-salience migration crisis. Belgium frequently discusses Turkey's role in hosting refugees, while Turkey mentions Belgium less often, focusing on broader European issues.","[""[2016] As far as the treatment in Turkey is concerned, you can apply for asylum in Turkey."", ""[2019] As a result, we in Turkey had the space to let other people and families happen, in which case non-Christians too."", ""[2020] Belgium supports the continuation of aid to Turkey for the reception of the four million refugees in its territory."", ""[2022] I am aware of the various reports and reports from Turkey on the return to Syria.""]"
SWE,TUR,1022,16,context_tokens,205175.0,163402.0,5878,3215,4.981113683440965,0.09791801813931286,173.86866281047975,4.976671850699844,49.352856947690626,3.898995655747722,60.11764705882353,49.352856947690626,crisis_visibility,,0.85,"The mentions highlight Sweden's criticism of Turkey's handling of the refugee crisis and human rights issues, indicating a focus on Turkey due to its role as a key migration destination and crisis site.","[""[2016] They then go back to Turkey, and so says the EU, not Turkey: for every person who goes back, we take one from Turkey."", ""[2018] The agreement to stop refugees must be dismantled, and we must dare to make greater demands for human rights to be respected before we continue to trade with Turkey."", ""[2020] It is very important that we have both criticism and cooperation with Turkey.""]"
ISL,SWE,162,5,context_tokens,126013.0,205175.0,2992,5878,1.2855816463380763,0.024369440721335445,54.144385026737964,0.8506294658046955,48.10605760011774,3.873408106814624,27.0,48.10605760011774,diaspora_or_historical_ties,,0.8,"ISL is mentioned frequently in discussions about migration and refugee adjustments, indicating strong ties due to diaspora or historical migration patterns. SWE mentions ISL less often, focusing on broader regional contexts.","[""[2020] How does the Minister consider that people in this position...reaching Iceland than for e.g. to Denmark, Norway, Sweden?"", ""[2021] According to a recent estimate...could be about 35% by the middle of this century if the current trends remain unchanged."", ""[2021] According to a poll...that the adjustment of refugees had not been successful."", ""[2022] For example, last year the Icelandic government received 23 applications per 10,000 people, only eleven in Sweden, five in Finland, four in Denmark, and three in Norway.""]"
EST,UKR,599,1,context_tokens,157005.0,18424.0,3990,441,3.8151651221298684,0.054277029960920535,150.12531328320802,2.2675736961451247,46.899517000520156,3.8480073769028316,299.5,46.899517000520156,diaspora_or_historical_ties,,0.8,"EST mentions UKR frequently due to significant Ukrainian diaspora and historical ties, while UKR mentions EST less often, focusing more on general statements.","[""[2021] Along with the increase in the number of short-term workers from Ukraine, employment and family migration in Ukraine have also increased."", ""[2022] However, we want to be useful to Ukraine's society and state."", ""[2022] If Ukraine is accepted into the European Union, who are these people?"", ""[2022] It is clear that we are very thoroughly checking these people on the eastern border whether they are still coming from Ukraine and what their bases are.""]"
BEL,UKR,447,0,context_tokens,386113.0,18424.0,11347,441,1.1576921781965384,0.0,39.39367233630034,0.0,42.70635798328469,3.7543478080562016,447.0,42.70635798328469,crisis_visibility,,0.95,"The mentions are primarily related to the war in Ukraine and its impact on Belgium, indicating high visibility and relevance of the crisis for Belgian policymakers.","[""[2022] ... Finally, at the request of the government, the National Bank of Belgium – in collaboration with the Federal Office of the Plan, the SPF Economy and the Working Group on Social Impact – has prepared a document containing several indicators to monitor the impact of the war in Ukraine on Belgium: ..."", ""[2022] ... I do that and various crises in Ukraine, Afghanistan and Syria ensure that we see an increased influx of people in need of protection today.""]"
AUT,UKR,177,0,context_tokens,153420.0,18424.0,4062,441,1.153695737192022,0.0,43.574593796159526,0.0,42.6314691695998,3.752592693462649,177.0,42.6314691695998,crisis_visibility,,0.95,"The asymmetry is driven by the high visibility of the Ukrainian refugee crisis in Austria, evidenced by multiple mentions of refugees and sanctions related to Ukraine.","[""[2022] ... This is particularly important with regard to the situation of refugees from Ukraine, because, as we know, many women with their children have come to us and continue to come."", ""[2022] ... I also say on Ukraine."", ""[2022] ... References= This insanity of Putin has begun the attack war on Ukraine on February, and only a few days after that, the European Interior Ministers have put the Temporary Protection Directive into effect, and again only shortly thereafter has this been implemented accordingly at the Austrian l"", ""[2022] ... I also come to Ukraine's war sanctions.""]"
CZE,GRC,401,8,context_tokens,262390.0,230476.0,5740,5257,1.5282594611075118,0.034710772488241726,69.86062717770035,1.5217804831653035,41.49015452974131,3.725456158843537,44.55555555555556,41.49015452974131,crisis_visibility,,0.85,"The mentions of Greece in the Czech Parliament are heavily focused on the refugee crisis, indicating high visibility of the crisis. The Czechs discuss Greece's role in managing refugees extensively.","[""[2016] If the wave of refugees passing through the Balkans is limited, not only Macedonia will be closed, but, of course, Serbia, Croatia, Slovenia, Austria for free passage of refugees"", ""[2020] They were temporarily evacuated to the mainland, but there is no living standard in refugee camps much better, Greece has a long-term problem of ensuring adequate conditions in those camps""]"
NOR,GBR,184,0,context_tokens,188210.0,19911.0,4891,456,0.9776313692152383,0.0,37.62011858515641,0.0,39.03702778810903,3.6645106261699523,184.0,39.03702778810903,diaspora_or_historical_ties,,0.85,"NOR mentions GBR frequently due to historical ties and the significant British diaspora in Norway, while GBR does not mention NOR as it is not a focus of its discourse.","[""[2016] ... Britons most have few problems with foreigners working in the United Kingdom ..."", ""[2017] ... When the United Kingdom chose to leave the EU ..."", ""[2018] ... only the resistance to immigration was behind ..."", ""[2021] ... NOAS , and politicians listen and implement their policies ...""]"
NOR,GRC,649,20,context_tokens,188210.0,230476.0,4891,5257,3.4482758620689653,0.08677693122060431,132.6927008791658,3.8044512079132584,38.797907889604375,3.658366324804451,30.904761904761905,38.797907889604375,crisis_visibility,,0.85,"NOR frequently mentions GRC in the context of a migration crisis, particularly regarding the evacuation of vulnerable individuals from camps in Greece. GRC mentions NOR less often, primarily in relation to financial agreements.","[""[2020] ... ‘ The Government asks the Government to ensure that Norway joins the German initiative on the evacuation of vulnerable and children from refugee camps in Greece now . ’ ..."", ""[2021] ... The question is whether we can relieve a little more distress than what we are willing to do now , that 's what this case is about , and maybe also go ahead to get more countries to relieve Greece . ...""]"
PRT,GBR,107,0,context_tokens,118678.0,19911.0,1309,456,0.9015992854615009,0.0,81.74178762414057,0.0,36.071260048197644,3.5854964277180343,107.0,36.071260048197644,diaspora_or_historical_ties,,0.95,"Portugal frequently mentions the United Kingdom due to significant Portuguese emigration and historical ties, while the UK does not mention Portugal as it is not a major focus.","[""[2017] The Portuguese community is very significant in the United Kingdom."", ""[2018] everything is tempted to make a kind of lesson out of Britain"", ""[2019] aims to contribute to the care of the interests of Portuguese citizens living in the United Kingdom"", ""[2022] disorientation from all governments in England, France, Spain, the Netherlands, the United States and elsewhere""]"
BGR,GBR,90,0,context_tokens,101874.0,19911.0,2075,456,0.8834442546675305,0.0,43.373493975903614,0.0,35.37596442664468,3.566032618535794,90.0,35.37596442664468,diaspora_or_historical_ties,,0.9,"The mentions are focused on Bulgarian citizens residing in the UK post-Brexit, indicating strong diaspora ties and the impact of Brexit on this community.","[""[2019] The citizens of the United Kingdom and the members of their families who, on the day following the date of withdrawal of the United Kingdom from the European Union, have entered and reside legally in the Repub"", ""[2020] As for your question, what measures have we taken to ensure the smooth residence of Bulgarians in Britain after Brexit"", ""[2020] I think you should not underestimate the Bulgarian citizens in Britain"", ""[2020] We will support the draft Council of Ministers with regard to these citizens, namely those subjects of the Kingdom of Great Britain""]"
HRV,GBR,212,0,context_tokens,248043.0,19911.0,4082,456,0.8546905173699721,0.0,51.93532582067614,0.0,34.11575815483606,3.5297593935243636,212.0,34.11575815483606,EU_accession_governance,,0.9,"The mentions are focused on EU withdrawal agreements and reciprocal citizen rights, indicating governance related to EU accession and membership.","[""[2019] So , get out of the EU , for example . As the UK now wants to do , it would mean getting out of the European economic space ."", ""[2020] I just wanted to briefly refer to this question of reciprocity that you pointed out , especially in regulating the status of citizens of the United Kingdom and on the other hand of the EU ."", ""[2020] What is particularly important is that the withdrawing agreement recognises the need for mutual protection , hence mutual protection of EU citizens and citizens of the United Kingdom and members of their families who were entitled to freedom of movement before 31 December 2020 , and guarantees the e"", ""[2021] Each country therefore assumes it has some own idea , however , precisely because of the fact that we have agreed to the withdrawing agreement that those citizens who have had an orderly stay in the UK , EU citizens and vice versa , UK citizens in the Member States , and so on in Croatia , will cont""]"
EST,GRC,100,4,context_tokens,157005.0,230476.0,3990,5257,0.6369223910066558,0.017355386244120863,25.06265664160401,0.7608902415826517,32.7842892476885,3.4899494142885317,20.0,32.7842892476885,crisis_visibility,,0.85,"EST mentions GRC frequently in the context of the migration crisis, while GRC mentions EST primarily for positive examples of EU governance. The high normalized ratio and specific mentions of refugee issues and migration flows indicate crisis visibility as the primary driver.","[""[2015] The main issue that came up was, of course, the issue of refugees burning passion in all the discussion groups today, but the issues of aid and emigration in Greece were also raised."", ""[2016] All right, we understand that Greece and Italy are one of them, but who are the countries that are in favour of a common asylum policy?"", ""[2016] The increased political attention and gear change in the migration crisis and the activities that pushed it from the same period last year have reduced the migration flows between Turkey and Greece by a total of 98% to date."", ""[2020] Just before the crisis, we saw dramatic footage from the Turkish-Greece border, where Turkey assisted immigrants attacking Greek border facilities.""]"
EST,ITA,100,3,context_tokens,157005.0,163427.0,3990,2847,0.6369223910066558,0.01835681986452667,25.06265664160401,1.053740779768177,29.888790620862842,3.397483514482392,25.0,29.888790620862842,crisis_visibility,,0.8,"EST mentions ITA frequently in the context of immigration and refugee crises, while ITA mentions EST mainly in the context of bilateral agreements and readmission policies.","[""[2015] In addition to Greece and Italy, other European countries are also full of immigrants."", ""[2017] I believe that the efforts made by Italy and Libya are important."", ""[2017] While more than 12,000 refugees arrived in Italy a week at the beginning of the Presidency, this figure had already fallen below 2000."", ""[2020] Now that you are asking what kind of aid Estonia is able to provide, for example, with regard to Italy, we can provide assistance primarily within the European Union.""]"
AUT,TUR,371,13,context_tokens,153420.0,163402.0,4062,3215,2.4181984095945768,0.0795583897381917,91.33431806991629,4.043545878693624,29.308962084232583,3.377893342435355,26.5,29.308962084232583,EU_accession_governance,,0.8,"The mentions highlight EU accession negotiations and support for Turkey, indicating governance issues related to EU membership. AUT frequently discusses these topics, while TUR mentions are sporadic.","[""[2017] ... the termination of accession negotiations with Turkey ..."", ""[2019] ... the critical security situation in the Middle East and the Persian Gulf or the recent invasion of Turkey in Syria ! ..."", ""[2022] ... Mr Federal Minister , I welcome your work visits to Turkey and Egypt . ...""]"
HUN,GBR,173,0,context_tokens,235783.0,19911.0,4311,456,0.7337255018385549,0.0,40.12990025516122,0.0,29.30286322593232,3.377685232270215,173.0,29.30286322593232,diaspora_or_historical_ties,,0.9,"The mentions are related to British citizens working and living in Hungary post-Brexit, indicating a significant diaspora or historical ties influencing parliamentary discourse.","[""[2016] For the past five years, I have worked in the UK without a break, first as an employee, then as a caregiver, which I have performed in a self-employed capacity."", ""[2019] These educational and scientific cooperations that you have rightly referred to have been a source of income for the British economy."", ""[2020] The proposal proposes legislation on beneficiaries of residence rights by the end of this year and does not affect the legal status of UK nationals and their family members who subsequently apply for residence."", ""[2020] At its meeting on 3 December 2020, the Legislative Committee discussed the right of residence of UK nationals and their family members in view of the withdrawal of the United Kingdom of Great Britain and Northern Ireland from the European Union.""]"
EST,GBR,105,0,context_tokens,157005.0,19911.0,3990,456,0.6687685105569886,0.0,26.31578947368421,0.0,26.758517244673737,3.2868528243330077,105.0,26.758517244673737,EU_accession_governance,,0.9,"EST mentions GBR frequently in the context of EU negotiations and Brexit, indicating a focus on EU accession governance dynamics.","[""[2017] The Estonian Presidency coincides with the momentous times when the European Union is negotiating with Great Britain for its departure."", ""[2019] We want to create a legal situation where, whether the United Kingdom leaves the European Union with or without an agreement, legal clarity is guaranteed."", ""[2019] As a result, I had the idea right here that perhaps in the UK, the state has no obligation to provide accommodation for war refugees for four months, for example, as is the case in the Estonian law.""]"
ISL,UKR,270,1,context_tokens,126013.0,18424.0,2992,441,2.142636077230127,0.054277029960920535,90.24064171122994,2.2675736961451247,26.366020437044856,3.272076076464237,135.0,26.366020437044856,crisis_visibility,,0.9,"ISL mentions UKR frequently due to the Ukrainian refugee crisis, while UKR mentions ISL rarely, indicating the crisis visibility as the primary driver.","[""[2022] ... We will not allow the affairs of other groups or the situation at the National Institute of Iceland to influence our welcoming people from Ukraine ..."", ""[2022] ... Now, in particular, the State has declared that those who come from Ukraine get asylum for some years ..."", ""[2022] ... Hv. paritaprevir In a talk earlier this evening, Gísli Hufán Ólafsson said that because of the water current from Ukraine, the number of refugees is ten times that of the most recent years ..."", ""[2022] ... I just don't have any younger numbers, but then we're over 1500 applications, including less than five, nearly 1000 from Ukraine because of the particular conditions that are present during the period of war ...""]"
ITA,GBR,103,0,context_tokens,163427.0,19911.0,2847,456,0.6302508153487489,0.0,36.17843343870741,0.0,25.219682182258747,3.227624728643681,103.0,25.219682182258747,diaspora_or_historical_ties,,0.85,"The mentions are consistently related to historical roles and the British government's impact on Italians, indicating strong historical and diaspora ties. No direct mentions from GBR to ITA.","[""[2015] So , in essence , with an uncommon consistency with that point of departure, we understand today what kind of issues the British Government raises and what the type of response - I add - can be : a response respectful of this diversity, aware of the historical role that Britain can play in the rel"", ""[2017] The 5 Star Movement calls for the Italian Government to work to ensure that in negotiations with the UK authorities for Brexit guarantees are obtained in order to block xenophobic phenomena against our fellow citizens and other European citizens ; to ensure that the registration of AIRE is recognised"", ""[2019] Ben was the Senator Bonino to point out, and as a Democratic Party we add to his considerations, the usefulness of the Government taking measures to grant the right to vote to our fellow citizens resident in the United Kingdom in view of the forthcoming European elections ."", ""[2020] World War II had begun in 1940, things were not going well for England, and a Member, Mr Amery, addressed an invitation to the then British Prime Minister, Chamberlain, saying basically (and I say this to you) :""]"
ISL,GBR,77,0,context_tokens,126013.0,19911.0,2992,456,0.6110480664693325,0.0,25.735294117647058,0.0,24.491163610103722,3.1983123835186253,77.0,24.491163610103722,diaspora_or_historical_ties,,0.9,"The mentions are related to historical ties, such as post-colonial migration and EU membership, indicating strong historical and diaspora connections between Iceland and the UK.","[""Such rules do not apply in the Netherlands , not Canada , the United States , Britain , or Ireland ."", ""when India and Pakistan were divided into and out of those enormous numbers of lands , millions were killed , the inhabitants of these lands had the right to move to Britain ."", ""Britain was part of the European Union ."", ""a foreign and development minister for Iceland signed a new vacation contract with Britain .""]"
SWE,GBR,123,0,context_tokens,205175.0,19911.0,5878,456,0.5994882417448519,0.0,20.92548485879551,0.0,23.969864749603996,3.1767974059441,123.0,23.969864749603996,EU_accession_governance,,0.8,"The asymmetry is driven by frequent discussions of the UK's Brexit process and its implications, which is a key aspect of EU accession/governance dynamics.","[""[2016] ... I share Mrs Pethrus ' view that there are many obstacles left before the UK issue is on the table ..."", ""[2019] ... Much has revolved around Britain 's withdrawal from the Union ..."", ""[2020] ... There may be other legislation in which Britain finds ways forward and tries to limit and so on ..."", ""[2022] ... The first is , of course , that we should follow Britain 's example and establish proper border controls in other countries ...""]"
FIN,GBR,65,0,context_tokens,118109.0,19911.0,2858,456,0.5503390935491792,0.0,22.743177046885933,0.0,22.084184947802452,3.0948617391287367,65.0,22.084184947802452,EU_accession_governance,,0.85,"FIN mentions GBR frequently in the context of EU dynamics, especially post-Brexit negotiations and relationships, indicating a focus on EU accession/governance issues.","[""[2018] The EU is characterised by the UK separation process"", ""[2019] When this phenomenon of bringing about this year-roundness in the companies offering services across the country strengthens the ability to attract from these more traditional markets, such as Britain"", ""[2020] What we need to worry about in relations between the EU and Britain is an agreement on a new relationship"", ""[2020] We can not belong to the EU, such as Switzerland, Norway or now divorced Britain""]"
CZE,ITA,156,4,context_tokens,262390.0,163427.0,5740,2847,0.5945348527001791,0.024475759819368892,27.177700348432055,1.4049877063575693,21.660992754635807,3.075513074069879,31.2,21.660992754635807,crisis_visibility,,0.85,"The mentions of CZE in ITA focus on migration issues, indicating ITA is a significant migration crisis site. CZE's discourse reflects its role in managing migrants from ITA.","[""[2015] Last Tuesday, 22 September, a decision on the relocation of 120 thousand was adopted at an extraordinary meeting of the Interior Ministers in Luxembourg. persons from Greece and also from Italy."", ""[2017] Maybe the government could start recruiting at the detention centers in Greece and Italy, since the quotas didn't work anymore, Minister!"", ""[2018] We have no one from Italy, but we have 12 from Greece.""]"
EST,SWE,181,11,context_tokens,157005.0,205175.0,3990,5878,1.152829527722047,0.05361276958693798,45.363408521303256,1.87138482477033,20.624800096369125,3.026494239876519,15.083333333333334,20.624800096369125,diaspora_or_historical_ties,,0.85,"The mentions highlight historical ties and diaspora connections, such as Estonian refugees in Sweden and shared cultural references. The normalized ratio strongly indicates a one-way focus on historical and diasporic links.","[""It is hoped that Sweden will be grateful to us, as Estonian families were grateful to the Kingdom of Sweden in 1944, when tens of thousands of Estonian boat refugees landed in Sweden and were accepted there."", ""According to your bill, both you and I could be in the future if this law was adopted by double citizens of Estonia and Sweden."", ""The same is true between Finland and Sweden.""]"
CZE,GBR,134,0,context_tokens,262390.0,19911.0,5740,456,0.5106901939860513,0.0,23.34494773519164,0.0,20.412588132169677,3.0161517758460965,134.0,20.412588132169677,EU_accession_governance,,0.85,"The mentions focus on Brexit and its implications for Czech citizens and the UK, indicating a governance issue related to EU membership and accession.","[""[2016] ... especially those who came to Britain to work from the countries of the European Union lying in the middle and east of Europe ..."", ""[2019] ... from the time when the primary law of the European Union ceases to apply to the UK ..."", ""[2019] ... when all negotiations fail and it really comes down to the fact that the UK will speak without agreement ..."", ""[2022] ... we are preparing courses for them, and then those who would be interested in doing the standard nostrification, which then allows them to work throughout Europe, including England ...""]"
BEL,ITA,544,11,context_tokens,386113.0,163427.0,11347,2847,1.4089139707805747,0.06730833950326445,47.942187362298405,3.8637161924833157,20.04054039598005,2.99775724172036,45.333333333333336,20.04054039598005,crisis_visibility,,0.8,"The mentions of Italy in the Belgian parliament context are primarily related to migration crises, particularly asylum seekers traveling through Italy. This indicates that Italy is a high-salience site for migration issues, driving the asymmetry.","[""On 16 September 2016, Belgium offered 300 new sites, namely 200 to Greece and 100 to Italy."", ""Some asylum seekers come from countries with high risks for the spread of the virus, or travel through Italy, for example."", ""You refer to countries such as Austria and Germany, but there are also people coming from Italy, Greece and so on.""]"
