country,year,entity_content,concreteness_score,event_name,evidentiary_use,evidenti_use
POL,2016,European Union,3.71,unspecified,neutral report,
POL,2017,European Union,3.5,unspecified,unspecified,
POL,2020,European Union,3.5,unspecified,unspecified,
POL,2020,European Union,3.543,revision of the law,neutral report,
POL,2021,Belarus,3.577,unspecified,unspecified,
POL,2021,Ukraine,3.517,unspecified,unspecified,
POL,2022,Germany,3.65,unspecified,unspecified,
POL,2022,European Union,3.567,unspecified,unspecified,
TUR,2016,European Union,3.502,unspecified,neutral_report,
TUR,2017,Black Sea,3.5,unspecified,unspecified,
TUR,2022,United States,4.224,unspecified,,unspecified
TUR,2022,United States,4.224,unspecified,,unspecified
TUR,2022,United States,4.224,unspecified,,unspecified
TUR,2022,United States,4.224,unspecified,,unspecified
TUR,2022,United States,4.224,unspecified,,unspecified
TUR,2022,United States,4.224,unspecified,,unspecified
BEL,2016,Schengen,3.56,unspecified,unspecified,
BEL,2016,Turkey,3.5,EU-Turkey deal relocation,justify restriction,
BEL,2019,Syria,3.587,unspecified,unspecified,
BEL,2019,Syria,3.5,unspecified,neutral_report,
BEL,2020,United Kingdom,3.579,unspecified,complicates,
BEL,2021,European Union,3.552,improving external borders protection,neutral report,
BEL,2021,Europe,3.5,unspecified,unspecified,
BEL,2022,Poland,3.7,unspecified,unspecified,
ITA,2013,Europe,3.533,unspecified,express solidarity,
ITA,2013,Democratic Republic of Congo,3.518,adoption,unspecified,
ITA,2019,Turkey,3.521,unspecified,justify restriction,
ITA,2019,Turkey,3.595,unspecified,unspecified,
ITA,2020,Malta,3.518,unspecified,unspecified,
ITA,2020,Finland,3.569,unspecified,unspecified,
ITA,2020,Spain,3.514,unspecified,unspecified,
ITA,2020,Malta,3.514,unspecified,unspecified,
SWE,2015,Iran,3.514,unspecified,neutral_report,
SWE,2016,Israel,3.56,unspecified,express solidarity,
SWE,2017,Denmark,3.51,unspecified,express solidarity,
SWE,2017,Denmark,3.517,border management,justify restriction,
SWE,2018,European Union,3.5,unspecified,unspecified,
SWE,2018,Iraq,3.526,unspecified,unspecified,
SWE,2019,European Union,3.515,border control and anti-smuggling efforts,justify restriction,
SWE,2021,European Union,3.529,unspecified,push institutional reform,
AUT,2015,Hungary,3.53,unspecified,express solidarity,
AUT,2015,European Union,3.54,unspecified,unspecified,
AUT,2016,European Union,3.542,unspecified,justify restriction,
AUT,2016,European Union,3.552,unspecified,neutral_report,
AUT,2017,European Union,3.5,refugee crisis,push institutional reform,
AUT,2018,Tunisia,3.527,unspecified,neutral report,
AUT,2018,Europe,3.527,unspecified,unspecified,
AUT,2020,Afghanistan,3.615,unspecified,justify restriction,
CZE,2015,European Union,3.6,unspecified,push institutional reform,
CZE,2015,Hungary,3.558,unspecified,neutral report,
CZE,2016,European Union,3.597,unspecified,push institutional reform,
CZE,2016,Turkey,3.515,unspecified,push institutional reform,
CZE,2017,Europe,3.609,unspecified,unspecified,
CZE,2018,Europe,3.667,unspecified,neutral report,
CZE,2018,European Union,3.62,unspecified,unspecified,
CZE,2021,European Union,3.6,unspecified,criticize,
FRA,2017,European Union,3.543,European Union border externalization,push institutional reform,
FRA,2018,European Union,3.53,rejected people,unspecified,
FRA,2019,North Sea,3.527,unspecified,unspecified,
FRA,2019,Mayotte,3.508,asylum process in Mayotte,justify restriction,
FRA,2019,European Union,3.65,unspecified,unspecified,
FRA,2019,Belgium,3.538,unspecified,unspecified,
FRA,2019,European Union,3.585,establishment_of_controlled_centres,push_institutional_reform,
FRA,2021,European Union,3.504,sanctions,unspecified,
GBR,2015,Europe,3.56,support for Syrian migrants,express solidarity,
GBR,2016,Europe,3.517,unspecified,neutral report,
GBR,2017,European Union,3.506,family reunification under Dublin regulations,neutral report,
GBR,2017,Africa,3.541,unspecified,express solidarity,
GBR,2017,Europe,3.541,unspecified,unspecified,
GBR,2017,European Union,3.515,unspecified,demand burden-sharing,
GBR,2019,European Union,3.506,unspecified,unspecified,
GBR,2020,European Union,3.65,Brexit,express solidarity,
LVA,2016,European Union,3.56,unspecified,neutral_report,
LVA,2018,European Union,3.604,unspecified,push institutional reform,
LVA,2019,European Union,3.526,unspecified,unspecified,
LVA,2019,European Union,3.92,unspecified,unspecified,
LVA,2019,European Union,3.5,unspecified,unspecified,
LVA,2020,United States,3.5,Russian ban on US adoptions in response to Magnitsky sanctions,push institutional reform,
LVA,2021,Belarus,3.593,unspecified,unspecified,
LVA,2021,European Union,3.714,unspecified,unspecified,
HUN,2015,European Union,3.627,construction_of_fence,push_institutional_reform,
HUN,2015,European Union,3.5,unspecified,unspecified,
HUN,2016,European Union,3.52,unspecified,reassure,
HUN,2017,European Union,3.543,unspecified,unspecified,
HUN,2018,European Union,3.509,Article 7 procedure启动,,unspecified
HUN,2019,Europe,3.511,unspecified,unspecified,
HUN,2019,Europe,3.511,unspecified,unspecified,
HUN,2020,European Union,3.5,unspecified,push institutional reform,
FIN,2016,Turkey,3.505,unspecified,justify restriction,
FIN,2016,Papua New Guinea,3.5,unspecified,neutral report,
FIN,2016,Italy,3.56,unspecified,unspecified,
FIN,2017,Peru,3.56,unspecified,,unspecified
FIN,2018,Afghanistan,3.545,returning_children_or_families,justify_restriction,
FIN,2020,European Union,3.527,unspecified,neutral report,
FIN,2020,Europe,3.556,unspecified,,unspecified
FIN,2021,European Union,3.518,unspecified,unspecified,
SRB,2017,Western Europe,3.51,unspecified,demand burden-sharing,
SRB,2018,Republic of Croatia,4.026,unspecified,unspecified,
SRB,2018,Republic of Croatia,4.026,unspecified,unspecified,
SRB,2018,Iran,3.51,visa-free regime lifting,unspecified,
SRB,2019,Kosovo,3.548,unspecified,unspecified,
SRB,2019,Kosovo,3.548,unspecified,unspecified,
SRB,2020,Republic of Albania,3.56,unspecified,neutral,
SRB,2021,Hungary,3.661,unspecified,unspecified,
ESP,2015,European Union,3.666,unspecified,unspecified,
ESP,2015,European Union,3.556,European Union structure setup,push institutional reform,
ESP,2018,European Union,3.5,unspecified,express solidarity,
ESP,2018,Canada,3.65,unspecified,unspecified,
ESP,2018,European Union,3.518,unspecified,unspecified,
ESP,2022,European Union,3.53,unspecified,unspecified,
ESP,2022,European Union,3.529,unspecified,neutral report,
ESP,2022,Morocco,3.544,externalisation_of_borders_and_migration_control,push_institutional_reform,
EST,2015,European Union,3.527,unspecified,unspecified,
EST,2016,Schengen,3.526,expulsion,justify restriction,
EST,2019,Spain,3.518,unspecified,unspecified,
EST,2019,Finland,3.538,unspecified,,unspecified
EST,2020,Mediterranean,3.527,unspecified,unspecified,
EST,2021,Finland,3.537,unspecified,unspecified,
EST,2022,European Union,3.744,unspecified,neutral report,
EST,2022,European Union,3.575,unspecified,unspecified,
HRV,2015,Europe,3.527,unspecified,unspecified,
HRV,2017,Venezuela,3.65,unspecified,unspecified,
HRV,2018,Austria,3.65,unspecified,unspecified,
HRV,2019,Hungary,3.51,unspecified,unspecified,
HRV,2019,European Union,3.5,internal migration in the European Union,neutral report,
HRV,2020,United Kingdom,3.525,unspecified,unspecified,
HRV,2021,Republic of Serbia,3.506,unspecified,unspecified,
HRV,2021,Republic of Serbia,3.514,unspecified,neutral report,
UKR,2016,European Union,3.522,legislative proposal,support,
UKR,2016,European Union,3.714,unspecified,unspecified,
UKR,2018,Europe,3.543,unspecified,unspecified,
UKR,2018,Europe,3.56,unspecified,unspecified,
UKR,2021,Republic of Belarus,3.563,unspecified,unspecified,
UKR,2021,Republic of Poland,3.57,unspecified,unspecified,
UKR,2022,European Union,3.524,unspecified,unspecified,
UKR,2022,Republic of Poland,3.534,unspecified,unspecified,
BIH,2021,United Kingdom,3.864,unspecified,unspecified,
BIH,2021,United Kingdom,3.864,unspecified,unspecified,
BIH,2021,United Kingdom,3.864,unspecified,unspecified,
BIH,2021,United Kingdom,3.864,unspecified,unspecified,
BIH,2021,United Kingdom,3.864,unspecified,unspecified,
BIH,2021,United Kingdom,3.864,unspecified,unspecified,
BIH,2021,United Kingdom,3.864,unspecified,unspecified,
BIH,2021,United Kingdom,3.864,unspecified,unspecified,
ISL,2017,United States,3.602,denial_of_entry,justify_restriction,
ISL,2017,United States,3.602,denial_of_entry,justify_restriction,
ISL,2020,Greece,3.519,unspecified,justify restriction,
ISL,2021,Saudi Arabia,3.6,unspecified,unspecified,
ISL,2021,Syria,3.538,unspecified,neutral report,
ISL,2021,Sweden,3.5,unspecified,unspecified,
ISL,2021,United States,3.5,unspecified,unspecified,
ISL,2021,United States,3.5,unspecified,unspecified,
PRT,2016,European Union,3.676,unspecified,push institutional reform,
PRT,2016,European Union,3.676,unspecified,push institutional reform,
PRT,2016,European Union,3.501,EU-Turkey agreement,demand burden-sharing,
PRT,2016,European Union,3.86,European Union-Turkey Agreement rejection,express solidarity,
PRT,2016,European Union,3.86,European Union-Turkey Agreement rejection,express solidarity,
PRT,2016,European Union,3.618,open humanitarian corridors,push institutional reform,
PRT,2018,United States,3.517,Condemnation by the division of families and detention of migrant children,express solidarity,
PRT,2022,Andorra,3.56,consulate closure,unspecified,
GRC,2015,Europe,3.586,unspecified,unspecified,
GRC,2016,Europe,3.52,unspecified,neutral report,
GRC,2019,European Union,3.538,unspecified,neutral report,
GRC,2019,United States of America,3.615,unspecified,unspecified,
GRC,2020,European Union,3.527,unspecified,unspecified,
GRC,2020,Cyprus,3.5,unspecified,unspecified,
GRC,2020,Turkey,3.577,unspecified,unspecified,
GRC,2021,Republic of Malta,3.682,unspecified,unspecified,
NOR,2015,Russia,3.544,unspecified,,neutral report
NOR,2017,Syria,3.544,unspecified,neutral report,
NOR,2018,Russia,3.53,unspecified,unspecified,
NOR,2019,Europe,3.526,unspecified,neutral report,
NOR,2019,Europe,3.5,unspecified,express solidarity,
NOR,2019,Turkey,3.541,unspecified,neutral report,
NOR,2020,Greece,3.64,relieving Greece and helping children in refugee camps,express solidarity,
NOR,2020,Europe,3.677,unspecified,express solidarity,
BGR,2015,Syrian Arab Republic,3.54,prevent immigrants,justify restriction,
BGR,2016,European Union,3.527,unspecified,unspecified,
BGR,2016,European Union,3.57,unspecified,unspecified,
BGR,2018,European Union,3.532,unspecified,unspecified,
BGR,2018,European Union,3.564,unspecified,neutral,
BGR,2018,European Union,3.564,unspecified,neutral,
BGR,2018,Republic of Serbia,3.516,unspecified,unspecified,
BGR,2019,European Union,3.559,unspecified,unspecified,
NLD,2015,European Union,3.56,unspecified,neutral report,
NLD,2016,Curaçao,3.595,unspecified,unspecified,
NLD,2018,Schengen,3.6,lifting borders,unspecified,
NLD,2018,Europe,3.5,unspecified,unspecified,
NLD,2018,Libya,3.504,drowning in the Mediterranean,express solidarity,
NLD,2020,United Kingdom,3.559,unspecified,unspecified,
NLD,2020,European Union,3.511,unspecified,neutral report,
NLD,2021,European Union,3.544,unspecified,justify restriction,
SVN,2015,European Union,3.524,unspecified,neutral_report,
SVN,2016,European Union,3.527,unspecified,express solidarity,
SVN,2018,European Union,3.505,European Union's response to migration,push institutional reform,
SVN,2018,Bosnia and Herzegovina,3.56,unspecified,unspecified,
SVN,2019,Europe,3.621,unspecified,justify restriction,
SVN,2019,Nigeria,3.5,unspecified,neutral report,
SVN,2021,Schengen,3.503,unspecified,unspecified,
SVN,2021,European Union,3.517,unspecified,push institutional reform,
